ticker,event_ticker,category,normalized_status,status,close_time,volume,last_price,result,settlement_value
KXNFLANYTD-25NOV09NETB-NOTD,KXNFLANYTD-25NOV09NETB,Sports,closed,determined,2025-11-09T18:10:00.094165Z,0,0,no,0
KXNFLANYTD-25NOV09ATLIND-NOTD,KXNFLANYTD-25NOV09ATLIND,Sports,settled,finalized,2025-11-09T14:49:48.102979Z,0,0,no,0
KXNFLFIRSTTD-25NOV09NETB-NOTD,KXNFLFIRSTTD-25NOV09NETB,Sports,closed,determined,2025-11-09T18:10:02.061225Z,0,0,no,0
KXNFLFIRSTTD-25NOV09ATLIND-NOTD,KXNFLFIRSTTD-25NOV09ATLIND,Sports,settled,finalized,2025-11-09T14:49:43.957928Z,0,0,no,0
KXNCAAMBTOTAL-25NOV08BELLKSU-184,KXNCAAMBTOTAL-25NOV08BELLKSU,Sports,settled,finalized,2025-11-09T03:29:40.84024Z,199,1,no,0
KXNCAAMBTOTAL-25NOV08BELLKSU-181,KXNCAAMBTOTAL-25NOV08BELLKSU,Sports,settled,finalized,2025-11-09T03:29:40.740128Z,199,1,no,0
KXNCAAMBTOTAL-25NOV08UTAUNM-144,KXNCAAMBTOTAL-25NOV08UTAUNM,Sports,settled,finalized,2025-11-08T23:50:21.525679Z,199,1,no,0
KXNCAAMBTOTAL-25NOV08UTAUNM-141,KXNCAAMBTOTAL-25NOV08UTAUNM,Sports,settled,finalized,2025-11-08T23:50:21.395223Z,199,1,no,0
KXNCAAMBTOTAL-25NOV08UTAUNM-135,KXNCAAMBTOTAL-25NOV08UTAUNM,Sports,settled,finalized,2025-11-08T23:50:21.1031Z,199,1,no,0
KXNCAAMBTOTAL-25NOV08PVWICH-152,KXNCAAMBTOTAL-25NOV08PVWICH,Sports,settled,finalized,2025-11-09T02:29:48.39574Z,200,99,yes,100
KXNCAAMBTOTAL-25NOV08PVWICH-149,KXNCAAMBTOTAL-25NOV08PVWICH,Sports,settled,finalized,2025-11-09T02:29:48.315342Z,200,99,yes,100
KXNCAAMBTOTAL-25NOV08PVWICH-146,KXNCAAMBTOTAL-25NOV08PVWICH,Sports,settled,finalized,2025-11-09T02:29:48.225308Z,200,99,yes,100
KXNCAAMBTOTAL-25NOV08PVWICH-143,KXNCAAMBTOTAL-25NOV08PVWICH,Sports,settled,finalized,2025-11-09T02:29:48.147216Z,200,99,yes,100
KXNCAAMBTOTAL-25NOV08PVWICH-140,KXNCAAMBTOTAL-25NOV08PVWICH,Sports,settled,finalized,2025-11-09T02:29:48.028711Z,200,99,yes,100
KXNCAAMBTOTAL-25NOV08HCBYU-180,KXNCAAMBTOTAL-25NOV08HCBYU,Sports,settled,finalized,2025-11-09T04:59:35.331577Z,200,1,no,0
KXNCAAMBTOTAL-25NOV08HCBYU-150,KXNCAAMBTOTAL-25NOV08HCBYU,Sports,settled,finalized,2025-11-09T04:59:34.267517Z,200,99,yes,100
KXNCAAMBTOTAL-25NOV08ARPBLMU-154,KXNCAAMBTOTAL-25NOV08ARPBLMU,Sports,settled,finalized,2025-11-09T04:49:33.475683Z,200,99,yes,100
KXNCAAMBTOTAL-25NOV08ARPBLMU-151,KXNCAAMBTOTAL-25NOV08ARPBLMU,Sports,settled,finalized,2025-11-09T04:49:33.397629Z,200,99,yes,100
KXNCAAMBTOTAL-25NOV08ARPBLMU-148,KXNCAAMBTOTAL-25NOV08ARPBLMU,Sports,settled,finalized,2025-11-09T04:49:33.323234Z,200,99,yes,100
KXNCAAMBTOTAL-25NOV08ARPBLMU-145,KXNCAAMBTOTAL-25NOV08ARPBLMU,Sports,settled,finalized,2025-11-09T04:49:33.234616Z,200,99,yes,100
KXNCAAMBTOTAL-25NOV08ARPBLMU-142,KXNCAAMBTOTAL-25NOV08ARPBLMU,Sports,settled,finalized,2025-11-09T04:49:33.154421Z,200,99,yes,100
KXNCAAMBTOTAL-25NOV08BELLKSU-187,KXNCAAMBTOTAL-25NOV08BELLKSU,Sports,settled,finalized,2025-11-09T03:29:40.939315Z,200,1,no,0
KXNCAAMBTOTAL-25NOV08QUCVILL-157,KXNCAAMBTOTAL-25NOV08QUCVILL,Sports,settled,finalized,2025-11-09T02:24:48.584472Z,200,99,yes,100
KXNCAAMBTOTAL-25NOV08QUCVILL-148,KXNCAAMBTOTAL-25NOV08QUCVILL,Sports,settled,finalized,2025-11-09T02:24:48.309395Z,200,99,yes,100
KXNCAAMBTOTAL-25NOV08QUCVILL-145,KXNCAAMBTOTAL-25NOV08QUCVILL,Sports,settled,finalized,2025-11-09T02:24:48.207264Z,200,99,yes,100
KXNCAAMBTOTAL-25NOV08QUCVILL-142,KXNCAAMBTOTAL-25NOV08QUCVILL,Sports,settled,finalized,2025-11-09T02:24:48.062267Z,200,99,yes,100
KXNCAAMBTOTAL-25NOV08QUCVILL-139,KXNCAAMBTOTAL-25NOV08QUCVILL,Sports,settled,finalized,2025-11-09T02:24:47.934291Z,200,99,yes,100
KXNCAAMBTOTAL-25NOV08QUCVILL-136,KXNCAAMBTOTAL-25NOV08QUCVILL,Sports,settled,finalized,2025-11-09T02:24:47.840484Z,200,99,yes,100
KXNCAAMBTOTAL-25NOV08PEAYAFA-155,KXNCAAMBTOTAL-25NOV08PEAYAFA,Sports,settled,finalized,2025-11-09T00:30:06.276036Z,200,1,no,0
KXNCAAMBTOTAL-25NOV08PEAYAFA-152,KXNCAAMBTOTAL-25NOV08PEAYAFA,Sports,settled,finalized,2025-11-09T00:30:06.186928Z,200,1,no,0
KXNCAAMBTOTAL-25NOV08PEAYAFA-149,KXNCAAMBTOTAL-25NOV08PEAYAFA,Sports,settled,finalized,2025-11-09T00:30:06.087396Z,200,1,no,0
KXNCAAMBTOTAL-25NOV08PEAYAFA-146,KXNCAAMBTOTAL-25NOV08PEAYAFA,Sports,settled,finalized,2025-11-09T00:30:05.985205Z,200,1,no,0
KXNCAAMBTOTAL-25NOV08PEAYAFA-143,KXNCAAMBTOTAL-25NOV08PEAYAFA,Sports,settled,finalized,2025-11-09T00:30:05.898111Z,200,1,no,0
KXNCAAMBTOTAL-25NOV08PEAYAFA-140,KXNCAAMBTOTAL-25NOV08PEAYAFA,Sports,settled,finalized,2025-11-09T00:30:05.808338Z,200,1,no,0
KXNCAAMBTOTAL-25NOV08LAFTEX-147,KXNCAAMBTOTAL-25NOV08LAFTEX,Sports,settled,finalized,2025-11-08T22:45:25.115574Z,200,99,yes,100
KXNCAAMBTOTAL-25NOV08LAFTEX-144,KXNCAAMBTOTAL-25NOV08LAFTEX,Sports,settled,finalized,2025-11-08T22:45:25.020573Z,200,99,yes,100
KXNCAAMBTOTAL-25NOV08LAFTEX-141,KXNCAAMBTOTAL-25NOV08LAFTEX,Sports,settled,finalized,2025-11-08T22:45:24.904629Z,200,99,yes,100
KXNCAAMBTOTAL-25NOV08LAFTEX-138,KXNCAAMBTOTAL-25NOV08LAFTEX,Sports,settled,finalized,2025-11-08T22:45:24.796084Z,200,99,yes,100
KXNCAAMBTOTAL-25NOV08LAFTEX-135,KXNCAAMBTOTAL-25NOV08LAFTEX,Sports,settled,finalized,2025-11-08T22:45:24.701156Z,200,99,yes,100
KXNCAAMBTOTAL-25NOV08DREXJOES-154,KXNCAAMBTOTAL-25NOV08DREXJOES,Sports,settled,finalized,2025-11-08T20:30:33.956944Z,200,1,no,0
KXNCAAMBTOTAL-25NOV08DREXJOES-136,KXNCAAMBTOTAL-25NOV08DREXJOES,Sports,settled,finalized,2025-11-08T20:30:33.437995Z,200,99,yes,100
KXNCAAMBTOTAL-25NOV08DREXJOES-133,KXNCAAMBTOTAL-25NOV08DREXJOES,Sports,settled,finalized,2025-11-08T20:30:33.348982Z,200,99,yes,100
KXNCAAMBTOTAL-25NOV08DREXJOES-127,KXNCAAMBTOTAL-25NOV08DREXJOES,Sports,settled,finalized,2025-11-08T20:30:33.163289Z,200,99,yes,100
KXNCAAMBTOTAL-25NOV08ALCNMINN-177,KXNCAAMBTOTAL-25NOV08ALCNMINN,Sports,settled,finalized,2025-11-08T19:35:36.57859Z,200,1,no,0
KXNCAAMBTOTAL-25NOV08ALCNMINN-174,KXNCAAMBTOTAL-25NOV08ALCNMINN,Sports,settled,finalized,2025-11-08T19:35:36.488692Z,200,1,no,0
KXNCAAMBTOTAL-25NOV08ALCNMINN-171,KXNCAAMBTOTAL-25NOV08ALCNMINN,Sports,settled,finalized,2025-11-08T19:35:36.405323Z,200,1,no,0
KXNCAAMBTOTAL-25NOV08DSUSYR-175,KXNCAAMBTOTAL-25NOV08DSUSYR,Sports,settled,finalized,2025-11-08T20:15:37.827463Z,200,1,no,0
KXNCAAMBTOTAL-25NOV08DSUSYR-172,KXNCAAMBTOTAL-25NOV08DSUSYR,Sports,settled,finalized,2025-11-08T20:15:37.689611Z,200,1,no,0
KXNCAAMBTOTAL-25NOV08DSUSYR-169,KXNCAAMBTOTAL-25NOV08DSUSYR,Sports,settled,finalized,2025-11-08T20:15:37.608723Z,200,1,no,0
KXNCAAMBTOTAL-25NOV08DSUSYR-166,KXNCAAMBTOTAL-25NOV08DSUSYR,Sports,settled,finalized,2025-11-08T20:15:37.512998Z,200,1,no,0
KXNCAAMBTOTAL-25NOV08DSUSYR-151,KXNCAAMBTOTAL-25NOV08DSUSYR,Sports,settled,finalized,2025-11-08T20:15:36.945867Z,200,1,no,0
KXNCAAMBTOTAL-25NOV08DSUSYR-148,KXNCAAMBTOTAL-25NOV08DSUSYR,Sports,settled,finalized,2025-11-08T20:15:36.757195Z,200,1,no,0
KXNCAAMBTOTAL-25NOV08CHATUNLV-145,KXNCAAMBTOTAL-25NOV08CHATUNLV,Sports,settled,finalized,2025-11-09T04:29:35.936651Z,200,99,yes,100
KXNCAAMBTOTAL-25NOV08CHATUNLV-142,KXNCAAMBTOTAL-25NOV08CHATUNLV,Sports,settled,finalized,2025-11-09T04:29:35.841842Z,200,99,yes,100
KXNCAAMBTOTAL-25NOV08CHATUNLV-139,KXNCAAMBTOTAL-25NOV08CHATUNLV,Sports,settled,finalized,2025-11-09T04:29:35.750241Z,200,99,yes,100
KXNCAAMBTOTAL-25NOV08CPSEA-173,KXNCAAMBTOTAL-25NOV08CPSEA,Sports,settled,finalized,2025-11-09T05:39:29.263152Z,200,1,no,0
KXNCAAMBTOTAL-25NOV08CPSEA-170,KXNCAAMBTOTAL-25NOV08CPSEA,Sports,settled,finalized,2025-11-09T05:39:29.186765Z,200,1,no,0
KXNCAAMBTOTAL-25NOV08WEBUTAH-138,KXNCAAMBTOTAL-25NOV08WEBUTAH,Sports,settled,finalized,2025-11-09T03:04:38.476734Z,200,99,yes,100
KXNCAAMBTOTAL-25NOV08WEBUTAH-135,KXNCAAMBTOTAL-25NOV08WEBUTAH,Sports,settled,finalized,2025-11-09T03:04:38.367592Z,200,99,yes,100
KXNCAAMBTOTAL-25NOV08WEBUTAH-132,KXNCAAMBTOTAL-25NOV08WEBUTAH,Sports,settled,finalized,2025-11-09T03:04:38.213759Z,200,99,yes,100
KXNCAAMBTOTAL-25NOV08ECURICH-147,KXNCAAMBTOTAL-25NOV08ECURICH,Sports,settled,finalized,2025-11-09T02:19:55.045289Z,200,99,yes,100
KXNCAAMBTOTAL-25NOV08ECURICH-135,KXNCAAMBTOTAL-25NOV08ECURICH,Sports,settled,finalized,2025-11-09T02:19:54.630409Z,200,99,yes,100
KXNCAAMBTOTAL-25NOV08ECURICH-129,KXNCAAMBTOTAL-25NOV08ECURICH,Sports,settled,finalized,2025-11-09T02:19:54.356951Z,200,99,yes,100
KXNCAAMBTOTAL-25NOV08COFCFAU-173,KXNCAAMBTOTAL-25NOV08COFCFAU,Sports,settled,finalized,2025-11-09T01:49:57.197997Z,200,1,no,0
KXNCAAMBTOTAL-25NOV08COFCFAU-170,KXNCAAMBTOTAL-25NOV08COFCFAU,Sports,settled,finalized,2025-11-09T01:49:57.096067Z,200,99,yes,100
KXNCAAMBTOTAL-25NOV08COFCFAU-152,KXNCAAMBTOTAL-25NOV08COFCFAU,Sports,settled,finalized,2025-11-09T01:49:56.530086Z,200,99,yes,100
KXNCAAMBTOTAL-25NOV08COFCFAU-149,KXNCAAMBTOTAL-25NOV08COFCFAU,Sports,settled,finalized,2025-11-09T01:49:56.415742Z,200,99,yes,100
KXNCAAMBTOTAL-25NOV08COFCFAU-146,KXNCAAMBTOTAL-25NOV08COFCFAU,Sports,settled,finalized,2025-11-09T01:49:56.320191Z,200,99,yes,100
KXNCAAMBTOTAL-25NOV08LBSUFRES-157,KXNCAAMBTOTAL-25NOV08LBSUFRES,Sports,settled,finalized,2025-11-09T00:44:59.899261Z,200,1,no,0
KXNCAAMBTOTAL-25NOV08LBSUFRES-154,KXNCAAMBTOTAL-25NOV08LBSUFRES,Sports,settled,finalized,2025-11-09T00:44:59.819479Z,200,1,no,0
KXNCAAMBTOTAL-25NOV08CANSBON-153,KXNCAAMBTOTAL-25NOV08CANSBON,Sports,settled,finalized,2025-11-08T23:40:23.043079Z,200,99,yes,100
KXNCAAMBTOTAL-25NOV08CANSBON-150,KXNCAAMBTOTAL-25NOV08CANSBON,Sports,settled,finalized,2025-11-08T23:40:22.958902Z,200,99,yes,100
KXNCAAMBTOTAL-25NOV08CANSBON-147,KXNCAAMBTOTAL-25NOV08CANSBON,Sports,settled,finalized,2025-11-08T23:40:22.880805Z,200,99,yes,100
KXNCAAMBTOTAL-25NOV08CANSBON-144,KXNCAAMBTOTAL-25NOV08CANSBON,Sports,settled,finalized,2025-11-08T23:40:22.745937Z,200,99,yes,100
KXNCAAMBTOTAL-25NOV08CANSBON-141,KXNCAAMBTOTAL-25NOV08CANSBON,Sports,settled,finalized,2025-11-08T23:40:22.645521Z,200,99,yes,100
KXNCAAMBTOTAL-25NOV08CANSBON-138,KXNCAAMBTOTAL-25NOV08CANSBON,Sports,settled,finalized,2025-11-08T23:40:22.558265Z,200,99,yes,100
KXNCAAMBTOTAL-25NOV08CANSBON-135,KXNCAAMBTOTAL-25NOV08CANSBON,Sports,settled,finalized,2025-11-08T23:40:22.475227Z,200,99,yes,100
KXNCAAMBTOTAL-25NOV08CANSBON-132,KXNCAAMBTOTAL-25NOV08CANSBON,Sports,settled,finalized,2025-11-08T23:40:22.378522Z,200,99,yes,100
KXNCAAMBTOTAL-25NOV08CANSBON-129,KXNCAAMBTOTAL-25NOV08CANSBON,Sports,settled,finalized,2025-11-08T23:40:22.286281Z,200,99,yes,100
KXNCAAMBTOTAL-25NOV08CANSBON-126,KXNCAAMBTOTAL-25NOV08CANSBON,Sports,settled,finalized,2025-11-08T23:40:22.200394Z,200,99,yes,100
KXNCAAMBTOTAL-25NOV08CANSBON-123,KXNCAAMBTOTAL-25NOV08CANSBON,Sports,settled,finalized,2025-11-08T23:40:22.112006Z,200,99,yes,100
KXNCAAMBTOTAL-25NOV08CSFWYO-163,KXNCAAMBTOTAL-25NOV08CSFWYO,Sports,settled,finalized,2025-11-08T23:40:22.653526Z,200,99,yes,100
KXNCAAMBTOTAL-25NOV08CSFWYO-157,KXNCAAMBTOTAL-25NOV08CSFWYO,Sports,settled,finalized,2025-11-08T23:40:22.48696Z,200,99,yes,100
KXNCAAMBTOTAL-25NOV08CSFWYO-145,KXNCAAMBTOTAL-25NOV08CSFWYO,Sports,settled,finalized,2025-11-08T23:40:22.131382Z,200,99,yes,100
KXNCAAMBTOTAL-25NOV08CSFWYO-142,KXNCAAMBTOTAL-25NOV08CSFWYO,Sports,settled,finalized,2025-11-08T23:40:22.040742Z,200,99,yes,100
KXNCAAMBTOTAL-25NOV08CSFWYO-139,KXNCAAMBTOTAL-25NOV08CSFWYO,Sports,settled,finalized,2025-11-08T23:40:21.948876Z,200,99,yes,100
KXNCAAMBTOTAL-25NOV08CSFWYO-136,KXNCAAMBTOTAL-25NOV08CSFWYO,Sports,settled,finalized,2025-11-08T23:40:21.861877Z,200,99,yes,100
KXNCAAMBTOTAL-25NOV08CSFWYO-133,KXNCAAMBTOTAL-25NOV08CSFWYO,Sports,settled,finalized,2025-11-08T23:40:21.780088Z,200,99,yes,100
KXNCAAMBTOTAL-25NOV08EWUCOLO-147,KXNCAAMBTOTAL-25NOV08EWUCOLO,Sports,settled,finalized,2025-11-09T00:25:08.234447Z,200,99,yes,100
KXNCAAMBTOTAL-25NOV08EWUCOLO-144,KXNCAAMBTOTAL-25NOV08EWUCOLO,Sports,settled,finalized,2025-11-09T00:25:08.145463Z,200,99,yes,100
KXNCAAMBTOTAL-25NOV08EWUCOLO-141,KXNCAAMBTOTAL-25NOV08EWUCOLO,Sports,settled,finalized,2025-11-09T00:25:08.055196Z,200,99,yes,100
KXNCAAMBTOTAL-25NOV08EWUCOLO-138,KXNCAAMBTOTAL-25NOV08EWUCOLO,Sports,settled,finalized,2025-11-09T00:25:07.945344Z,200,99,yes,100
KXNCAAMBTOTAL-25NOV08EWUCOLO-135,KXNCAAMBTOTAL-25NOV08EWUCOLO,Sports,settled,finalized,2025-11-09T00:25:07.822642Z,200,99,yes,100
KXNCAAMBTOTAL-25NOV08VANUCF-179,KXNCAAMBTOTAL-25NOV08VANUCF,Sports,settled,finalized,2025-11-09T00:25:00.758341Z,200,99,yes,100
KXNCAAMBTOTAL-25NOV08VANUCF-155,KXNCAAMBTOTAL-25NOV08VANUCF,Sports,settled,finalized,2025-11-09T00:24:59.718121Z,200,99,yes,100
KXNCAAMBTOTAL-25NOV08VANUCF-152,KXNCAAMBTOTAL-25NOV08VANUCF,Sports,settled,finalized,2025-11-09T00:24:59.596583Z,200,99,yes,100
KXNCAAMBTOTAL-25NOV08SJSUUCSB-161,KXNCAAMBTOTAL-25NOV08SJSUUCSB,Sports,settled,finalized,2025-11-08T23:40:21.770629Z,200,1,no,0
KXNCAAMBTOTAL-25NOV08SJSUUCSB-158,KXNCAAMBTOTAL-25NOV08SJSUUCSB,Sports,settled,finalized,2025-11-08T23:40:21.672645Z,200,99,yes,100
KXNCAAMBTOTAL-25NOV08SJSUUCSB-140,KXNCAAMBTOTAL-25NOV08SJSUUCSB,Sports,settled,finalized,2025-11-08T23:40:21.052453Z,200,99,yes,100
KXNCAAMBTOTAL-25NOV08SJSUUCSB-137,KXNCAAMBTOTAL-25NOV08SJSUUCSB,Sports,settled,finalized,2025-11-08T23:40:20.970468Z,200,99,yes,100
KXNCAAMBTOTAL-25NOV08SJSUUCSB-134,KXNCAAMBTOTAL-25NOV08SJSUUCSB,Sports,settled,finalized,2025-11-08T23:40:20.883062Z,200,99,yes,100
KXNCAAMBTOTAL-25NOV08SJSUUCSB-131,KXNCAAMBTOTAL-25NOV08SJSUUCSB,Sports,settled,finalized,2025-11-08T23:40:20.788144Z,200,99,yes,100
KXNCAAMBTOTAL-25NOV08UTAUNM-162,KXNCAAMBTOTAL-25NOV08UTAUNM,Sports,settled,finalized,2025-11-08T23:50:22.299127Z,200,1,no,0
KXNCAAMBTOTAL-25NOV08UTAUNM-159,KXNCAAMBTOTAL-25NOV08UTAUNM,Sports,settled,finalized,2025-11-08T23:50:22.199581Z,200,1,no,0
KXNCAAMBTOTAL-25NOV08UTAUNM-156,KXNCAAMBTOTAL-25NOV08UTAUNM,Sports,settled,finalized,2025-11-08T23:50:22.093646Z,200,1,no,0
KXNCAAMBTOTAL-25NOV08UTAUNM-153,KXNCAAMBTOTAL-25NOV08UTAUNM,Sports,settled,finalized,2025-11-08T23:50:22.000731Z,200,1,no,0
KXNCAAMBTOTAL-25NOV08UTAUNM-147,KXNCAAMBTOTAL-25NOV08UTAUNM,Sports,settled,finalized,2025-11-08T23:50:21.673612Z,200,1,no,0
KXNCAAMBTOTAL-25NOV08UVUBSU-143,KXNCAAMBTOTAL-25NOV08UVUBSU,Sports,settled,finalized,2025-11-09T00:00:18.882525Z,200,99,yes,100
KXNCAAMBTOTAL-25NOV08UVUBSU-140,KXNCAAMBTOTAL-25NOV08UVUBSU,Sports,settled,finalized,2025-11-09T00:00:18.788735Z,200,99,yes,100
KXNCAAMBTOTAL-25NOV08UVUBSU-137,KXNCAAMBTOTAL-25NOV08UVUBSU,Sports,settled,finalized,2025-11-09T00:00:18.68011Z,200,99,yes,100
KXNCAAMBTOTAL-25NOV08UVUBSU-134,KXNCAAMBTOTAL-25NOV08UVUBSU,Sports,settled,finalized,2025-11-09T00:00:18.55467Z,200,99,yes,100
KXNCAAMBTOTAL-25NOV08UVUBSU-131,KXNCAAMBTOTAL-25NOV08UVUBSU,Sports,settled,finalized,2025-11-09T00:00:18.436314Z,200,99,yes,100
KXNCAAMBTOTAL-25NOV08MONTSTAN-164,KXNCAAMBTOTAL-25NOV08MONTSTAN,Sports,settled,finalized,2025-11-09T00:44:59.731167Z,200,1,no,0
KXNCAAMBTOTAL-25NOV08MONTSTAN-158,KXNCAAMBTOTAL-25NOV08MONTSTAN,Sports,settled,finalized,2025-11-09T00:44:59.540734Z,200,99,yes,100
KXNCAAMBTOTAL-25NOV08MONTSTAN-155,KXNCAAMBTOTAL-25NOV08MONTSTAN,Sports,settled,finalized,2025-11-09T00:44:59.45068Z,200,99,yes,100
KXNCAAMBTOTAL-25NOV08MONTSTAN-143,KXNCAAMBTOTAL-25NOV08MONTSTAN,Sports,settled,finalized,2025-11-09T00:44:59.083528Z,200,99,yes,100
KXNCAAMBTOTAL-25NOV08MONTSTAN-137,KXNCAAMBTOTAL-25NOV08MONTSTAN,Sports,settled,finalized,2025-11-09T00:44:58.894738Z,200,99,yes,100
KXNCAAMBTOTAL-25NOV08MONMLAS-161,KXNCAAMBTOTAL-25NOV08MONMLAS,Sports,settled,finalized,2025-11-08T23:20:31.663074Z,200,1,no,0
KXNCAAMBTOTAL-25NOV08MONMLAS-158,KXNCAAMBTOTAL-25NOV08MONMLAS,Sports,settled,finalized,2025-11-08T23:20:31.585929Z,200,1,no,0
KXNCAAMBTOTAL-25NOV08MONMLAS-137,KXNCAAMBTOTAL-25NOV08MONMLAS,Sports,settled,finalized,2025-11-08T23:20:31.04694Z,200,1,no,0
KXNCAAMBTOTAL-25NOV08MONMLAS-134,KXNCAAMBTOTAL-25NOV08MONMLAS,Sports,settled,finalized,2025-11-08T23:20:30.965504Z,200,1,no,0
KXNCAAMBTOTAL-25NOV08TOWSHOU-147,KXNCAAMBTOTAL-25NOV08TOWSHOU,Sports,settled,finalized,2025-11-08T22:30:36.102075Z,200,1,no,0
KXNCAAMBTOTAL-25NOV08TOWSHOU-141,KXNCAAMBTOTAL-25NOV08TOWSHOU,Sports,settled,finalized,2025-11-08T22:30:35.911533Z,200,1,no,0
KXNCAAMBTOTAL-25NOV08TOWSHOU-138,KXNCAAMBTOTAL-25NOV08TOWSHOU,Sports,settled,finalized,2025-11-08T22:30:35.818326Z,200,1,no,0
KXNCAAMBTOTAL-25NOV08TOWSHOU-135,KXNCAAMBTOTAL-25NOV08TOWSHOU,Sports,settled,finalized,2025-11-08T22:30:35.712796Z,200,1,no,0
KXNCAAMBTOTAL-25NOV08NKUTENN-134,KXNCAAMBTOTAL-25NOV08NKUTENN,Sports,settled,finalized,2025-11-08T22:35:36.936834Z,200,99,yes,100
KXNCAAMBTOTAL-25NOV08NKUTENN-131,KXNCAAMBTOTAL-25NOV08NKUTENN,Sports,settled,finalized,2025-11-08T22:35:36.825896Z,200,99,yes,100
KXNCAAMBTOTAL-25NOV08NKUTENN-128,KXNCAAMBTOTAL-25NOV08NKUTENN,Sports,settled,finalized,2025-11-08T22:35:36.726817Z,200,99,yes,100
KXNCAAMBTOTAL-25NOV08SFMEM-171,KXNCAAMBTOTAL-25NOV08SFMEM,Sports,settled,finalized,2025-11-08T23:01:00.340651Z,200,1,no,0
KXNCAAMBTOTAL-25NOV08SFMEM-168,KXNCAAMBTOTAL-25NOV08SFMEM,Sports,settled,finalized,2025-11-08T23:01:00.248462Z,200,1,no,0
KXNCAAMBTOTAL-25NOV08SFMEM-165,KXNCAAMBTOTAL-25NOV08SFMEM,Sports,settled,finalized,2025-11-08T23:01:00.138763Z,200,1,no,0
KXNCAAMBTOTAL-25NOV08SFMEM-162,KXNCAAMBTOTAL-25NOV08SFMEM,Sports,settled,finalized,2025-11-08T23:01:00.04473Z,200,1,no,0
KXNCAAMBTOTAL-25NOV08TXSTTULN-161,KXNCAAMBTOTAL-25NOV08TXSTTULN,Sports,settled,finalized,2025-11-08T22:05:37.11623Z,200,1,no,0
KXNCAAMBTOTAL-25NOV08TXSTTULN-158,KXNCAAMBTOTAL-25NOV08TXSTTULN,Sports,settled,finalized,2025-11-08T22:05:37.037852Z,200,1,no,0
KXNCAAMBTOTAL-25NOV08TXSTTULN-149,KXNCAAMBTOTAL-25NOV08TXSTTULN,Sports,settled,finalized,2025-11-08T22:05:36.797277Z,200,99,yes,100
KXNCAAMBTOTAL-25NOV08TXSTTULN-134,KXNCAAMBTOTAL-25NOV08TXSTTULN,Sports,settled,finalized,2025-11-08T22:05:36.397477Z,200,99,yes,100
KXNCAAMBTOTAL-25NOV08USFGW-153,KXNCAAMBTOTAL-25NOV08USFGW,Sports,settled,finalized,2025-11-08T21:30:47.031092Z,200,99,yes,100
KXNCAAMBTOTAL-25NOV08USFGW-144,KXNCAAMBTOTAL-25NOV08USFGW,Sports,settled,finalized,2025-11-08T21:30:46.71552Z,200,99,yes,100
KXNCAAMBTOTAL-25NOV08USFGW-141,KXNCAAMBTOTAL-25NOV08USFGW,Sports,settled,finalized,2025-11-08T21:30:46.626628Z,200,99,yes,100
KXNCAAMBTOTAL-25NOV08WCUDUKE-167,KXNCAAMBTOTAL-25NOV08WCUDUKE,Sports,settled,finalized,2025-11-08T22:00:44.643344Z,200,1,no,0
KXNCAAMBTOTAL-25NOV08WCUDUKE-164,KXNCAAMBTOTAL-25NOV08WCUDUKE,Sports,settled,finalized,2025-11-08T22:00:44.562964Z,200,1,no,0
KXNCAAMBTOTAL-25NOV08FIUNEB-147,KXNCAAMBTOTAL-25NOV08FIUNEB,Sports,settled,finalized,2025-11-08T20:10:35.543508Z,200,99,yes,100
KXNCAAMBTOTAL-25NOV08FIUNEB-141,KXNCAAMBTOTAL-25NOV08FIUNEB,Sports,settled,finalized,2025-11-08T20:10:35.356713Z,200,99,yes,100
KXNCAAMBTOTAL-25NOV08USFGW-147,KXNCAAMBTOTAL-25NOV08USFGW,Sports,settled,finalized,2025-11-08T21:30:46.850927Z,202,99,yes,100
KXNCAAMBTOTAL-25NOV08UMBCDAY-150,KXNCAAMBTOTAL-25NOV08UMBCDAY,Sports,settled,finalized,2025-11-08T21:45:39.513749Z,203,1,no,0
KXNCAAMBTOTAL-25NOV08DREXJOES-124,KXNCAAMBTOTAL-25NOV08DREXJOES,Sports,settled,finalized,2025-11-08T20:30:33.078294Z,205,99,yes,100
KXNCAAMBTOTAL-25NOV08ARPBLMU-172,KXNCAAMBTOTAL-25NOV08ARPBLMU,Sports,settled,finalized,2025-11-09T04:49:33.981012Z,206,1,no,0
KXNCAAMBTOTAL-25NOV08QUCVILL-160,KXNCAAMBTOTAL-25NOV08QUCVILL,Sports,settled,finalized,2025-11-09T02:24:48.682023Z,206,99,yes,100
KXNCAAMBTOTAL-25NOV08ARKMSU-140,KXNCAAMBTOTAL-25NOV08ARKMSU,Sports,settled,finalized,2025-11-09T02:49:46.488009Z,207,1,no,0
KXNCAAMBTOTAL-25NOV08LAFTEX-159,KXNCAAMBTOTAL-25NOV08LAFTEX,Sports,settled,finalized,2025-11-08T22:45:25.525371Z,210,1,no,0
KXNCAAMBTOTAL-25NOV08ALASJU-156,KXNCAAMBTOTAL-25NOV08ALASJU,Sports,settled,finalized,2025-11-08T19:40:49.832172Z,211,99,yes,100
KXNCAAMBTOTAL-25NOV08FIUNEB-165,KXNCAAMBTOTAL-25NOV08FIUNEB,Sports,settled,finalized,2025-11-08T20:10:36.099798Z,213,1,no,0
KXNCAAMBTOTAL-25NOV08WCUDUKE-161,KXNCAAMBTOTAL-25NOV08WCUDUKE,Sports,settled,finalized,2025-11-08T22:00:44.487061Z,216,1,no,0
KXNCAAMBTOTAL-25NOV08LAFTEX-165,KXNCAAMBTOTAL-25NOV08LAFTEX,Sports,settled,finalized,2025-11-08T22:45:25.713105Z,221,1,no,0
KXNCAAMBTOTAL-25NOV08MONMLAS-140,KXNCAAMBTOTAL-25NOV08MONMLAS,Sports,settled,finalized,2025-11-08T23:20:31.118506Z,224,1,no,0
KXNCAAMBTOTAL-25NOV08USFGW-150,KXNCAAMBTOTAL-25NOV08USFGW,Sports,settled,finalized,2025-11-08T21:30:46.938347Z,228,99,yes,100
KXNCAAMBTOTAL-25NOV08ARKMSU-146,KXNCAAMBTOTAL-25NOV08ARKMSU,Sports,settled,finalized,2025-11-09T02:49:46.647982Z,230,1,no,0
KXNCAAMBSPREAD-25NOV08SJSUUCSB-SJSU1,KXNCAAMBSPREAD-25NOV08SJSUUCSB,Sports,settled,finalized,2025-11-08T23:40:25.419031Z,231,1,no,0
KXNCAAMBTOTAL-25NOV08QUCVILL-154,KXNCAAMBTOTAL-25NOV08QUCVILL,Sports,settled,finalized,2025-11-09T02:24:48.500853Z,232,99,yes,100
KXNCAAMBTOTAL-25NOV08PVWICH-158,KXNCAAMBTOTAL-25NOV08PVWICH,Sports,settled,finalized,2025-11-09T02:29:48.573824Z,240,99,yes,100
KXNCAAMBTOTAL-25NOV08CPSEA-167,KXNCAAMBTOTAL-25NOV08CPSEA,Sports,settled,finalized,2025-11-09T05:39:29.098868Z,246,1,no,0
KXNCAAMBSPREAD-25NOV08CANSBON-SBON11,KXNCAAMBSPREAD-25NOV08CANSBON,Sports,settled,finalized,2025-11-08T23:40:27.511059Z,249,99,yes,100
KXNCAAMBSPREAD-25NOV08SJSUUCSB-UCSB5,KXNCAAMBSPREAD-25NOV08SJSUUCSB,Sports,settled,finalized,2025-11-08T23:40:25.609389Z,249,99,yes,100
KXNCAAMBSPREAD-25NOV08SJSUUCSB-UCSB2,KXNCAAMBSPREAD-25NOV08SJSUUCSB,Sports,settled,finalized,2025-11-08T23:40:25.51804Z,249,99,yes,100
KXNCAAMBSPREAD-25NOV08SJSUUCSB-SJSU4,KXNCAAMBSPREAD-25NOV08SJSUUCSB,Sports,settled,finalized,2025-11-08T23:40:25.276346Z,249,1,no,0
KXNCAAMBSPREAD-25NOV08UTAUNM-UNM27,KXNCAAMBSPREAD-25NOV08UTAUNM,Sports,settled,finalized,2025-11-08T23:50:14.499241Z,249,1,no,0
KXNCAAMBSPREAD-25NOV08UVUBSU-BSU17,KXNCAAMBSPREAD-25NOV08UVUBSU,Sports,settled,finalized,2025-11-09T00:00:30.029153Z,249,99,yes,100
KXNCAAMBSPREAD-25NOV08MONTSTAN-STAN7,KXNCAAMBSPREAD-25NOV08MONTSTAN,Sports,settled,finalized,2025-11-09T00:45:06.957742Z,249,99,yes,100
KXNCAAMBSPREAD-25NOV08MONTSTAN-STAN13,KXNCAAMBSPREAD-25NOV08MONTSTAN,Sports,settled,finalized,2025-11-09T00:45:07.150675Z,249,99,yes,100
KXNCAAMBSPREAD-25NOV08HCBYU-BYU52,KXNCAAMBSPREAD-25NOV08HCBYU,Sports,settled,finalized,2025-11-09T04:59:35.456753Z,250,1,no,0
KXNCAAMBSPREAD-25NOV08HCBYU-BYU28,KXNCAAMBSPREAD-25NOV08HCBYU,Sports,settled,finalized,2025-11-09T04:59:34.583261Z,250,99,yes,100
KXNCAAMBSPREAD-25NOV08HCBYU-BYU25,KXNCAAMBSPREAD-25NOV08HCBYU,Sports,settled,finalized,2025-11-09T04:59:34.508125Z,250,99,yes,100
KXNCAAMBSPREAD-25NOV08HCBYU-BYU22,KXNCAAMBSPREAD-25NOV08HCBYU,Sports,settled,finalized,2025-11-09T04:59:34.400745Z,250,99,yes,100
KXNCAAMBSPREAD-25NOV08ARPBLMU-LMU7,KXNCAAMBSPREAD-25NOV08ARPBLMU,Sports,settled,finalized,2025-11-09T04:49:32.103522Z,250,99,yes,100
KXNCAAMBSPREAD-25NOV08ARPBLMU-LMU4,KXNCAAMBSPREAD-25NOV08ARPBLMU,Sports,settled,finalized,2025-11-09T04:49:32.024246Z,250,99,yes,100
KXNCAAMBSPREAD-25NOV08ARPBLMU-LMU34,KXNCAAMBSPREAD-25NOV08ARPBLMU,Sports,settled,finalized,2025-11-09T04:49:32.834887Z,250,1,no,0
KXNCAAMBSPREAD-25NOV08ARPBLMU-LMU31,KXNCAAMBSPREAD-25NOV08ARPBLMU,Sports,settled,finalized,2025-11-09T04:49:32.758089Z,250,1,no,0
KXNCAAMBSPREAD-25NOV08ARPBLMU-LMU28,KXNCAAMBSPREAD-25NOV08ARPBLMU,Sports,settled,finalized,2025-11-09T04:49:32.684568Z,250,1,no,0
KXNCAAMBSPREAD-25NOV08ARPBLMU-LMU25,KXNCAAMBSPREAD-25NOV08ARPBLMU,Sports,settled,finalized,2025-11-09T04:49:32.602094Z,250,1,no,0
KXNCAAMBSPREAD-25NOV08ARPBLMU-LMU10,KXNCAAMBSPREAD-25NOV08ARPBLMU,Sports,settled,finalized,2025-11-09T04:49:32.19407Z,250,99,yes,100
KXNCAAMBSPREAD-25NOV08BELLKSU-KSU43,KXNCAAMBSPREAD-25NOV08BELLKSU,Sports,settled,finalized,2025-11-09T03:29:42.26451Z,250,1,no,0
KXNCAAMBSPREAD-25NOV08BELLKSU-KSU40,KXNCAAMBSPREAD-25NOV08BELLKSU,Sports,settled,finalized,2025-11-09T03:29:42.180542Z,250,1,no,0
KXNCAAMBSPREAD-25NOV08BELLKSU-KSU37,KXNCAAMBSPREAD-25NOV08BELLKSU,Sports,settled,finalized,2025-11-09T03:29:42.088777Z,250,1,no,0
KXNCAAMBSPREAD-25NOV08BELLKSU-KSU16,KXNCAAMBSPREAD-25NOV08BELLKSU,Sports,settled,finalized,2025-11-09T03:29:41.356708Z,250,99,yes,100
KXNCAAMBSPREAD-25NOV08BELLKSU-KSU13,KXNCAAMBSPREAD-25NOV08BELLKSU,Sports,settled,finalized,2025-11-09T03:29:41.264572Z,250,99,yes,100
KXNCAAMBSPREAD-25NOV08PVWICH-WICH7,KXNCAAMBSPREAD-25NOV08PVWICH,Sports,settled,finalized,2025-11-09T02:29:45.909434Z,250,99,yes,100
KXNCAAMBSPREAD-25NOV08PVWICH-WICH4,KXNCAAMBSPREAD-25NOV08PVWICH,Sports,settled,finalized,2025-11-09T02:29:45.826017Z,250,99,yes,100
KXNCAAMBSPREAD-25NOV08PVWICH-WICH31,KXNCAAMBSPREAD-25NOV08PVWICH,Sports,settled,finalized,2025-11-09T02:29:46.613962Z,250,99,yes,100
KXNCAAMBSPREAD-25NOV08PVWICH-WICH13,KXNCAAMBSPREAD-25NOV08PVWICH,Sports,settled,finalized,2025-11-09T02:29:46.079363Z,250,99,yes,100
KXNCAAMBSPREAD-25NOV08PVWICH-WICH10,KXNCAAMBSPREAD-25NOV08PVWICH,Sports,settled,finalized,2025-11-09T02:29:45.9919Z,250,99,yes,100
KXNCAAMBSPREAD-25NOV08PVWICH-WICH1,KXNCAAMBSPREAD-25NOV08PVWICH,Sports,settled,finalized,2025-11-09T02:29:45.7336Z,250,99,yes,100
KXNCAAMBSPREAD-25NOV08QUCVILL-VILL6,KXNCAAMBSPREAD-25NOV08QUCVILL,Sports,settled,finalized,2025-11-09T02:24:55.200264Z,250,99,yes,100
KXNCAAMBSPREAD-25NOV08QUCVILL-VILL33,KXNCAAMBSPREAD-25NOV08QUCVILL,Sports,settled,finalized,2025-11-09T02:24:56.163263Z,250,1,no,0
KXNCAAMBSPREAD-25NOV08QUCVILL-VILL30,KXNCAAMBSPREAD-25NOV08QUCVILL,Sports,settled,finalized,2025-11-09T02:24:56.070551Z,250,1,no,0
KXNCAAMBSPREAD-25NOV08QUCVILL-VILL3,KXNCAAMBSPREAD-25NOV08QUCVILL,Sports,settled,finalized,2025-11-09T02:24:55.084425Z,250,99,yes,100
KXNCAAMBSPREAD-25NOV08QUCVILL-VILL27,KXNCAAMBSPREAD-25NOV08QUCVILL,Sports,settled,finalized,2025-11-09T02:24:55.975862Z,250,1,no,0
KXNCAAMBSPREAD-25NOV08PEAYAFA-AFA7,KXNCAAMBSPREAD-25NOV08PEAYAFA,Sports,settled,finalized,2025-11-09T00:15:10.711443Z,250,1,no,0
KXNCAAMBSPREAD-25NOV08PEAYAFA-AFA4,KXNCAAMBSPREAD-25NOV08PEAYAFA,Sports,settled,finalized,2025-11-09T00:15:10.630937Z,250,1,no,0
KXNCAAMBSPREAD-25NOV08PEAYAFA-AFA16,KXNCAAMBSPREAD-25NOV08PEAYAFA,Sports,settled,finalized,2025-11-09T00:15:10.939903Z,250,1,no,0
KXNCAAMBSPREAD-25NOV08PEAYAFA-AFA13,KXNCAAMBSPREAD-25NOV08PEAYAFA,Sports,settled,finalized,2025-11-09T00:15:10.860007Z,250,1,no,0
KXWTAMATCH-25NOV08SABRYB-SAB,KXWTAMATCH-25NOV08SABRYB,Sports,settled,finalized,2025-11-08T18:04:41.279412Z,1609578,1,no,0
KXATPMATCH-25NOV08DJOMUS-DJO,KXATPMATCH-25NOV08DJOMUS,Sports,settled,finalized,2025-11-08T18:14:43.92963Z,1012585,99,yes,100
KXATPMATCH-25NOV09ALCDE-ALC,KXATPMATCH-25NOV09ALCDE,Sports,settled,finalized,2025-11-09T14:54:44.472089Z,982094,99,yes,100
KXWTAMATCH-25NOV08SABRYB-RYB,KXWTAMATCH-25NOV08SABRYB,Sports,settled,finalized,2025-11-08T18:04:41.279412Z,956985,99,yes,100
KXATPMATCH-25NOV08DJOMUS-MUS,KXATPMATCH-25NOV08DJOMUS,Sports,settled,finalized,2025-11-08T18:14:43.92963Z,756392,1,no,0
KXATPMATCH-25NOV09ALCDE-DE,KXATPMATCH-25NOV09ALCDE,Sports,settled,finalized,2025-11-09T14:54:44.472089Z,704380,1,no,0
KXATPMATCH-25NOV08NORTIE-TIE,KXATPMATCH-25NOV08NORTIE,Sports,settled,finalized,2025-11-08T17:49:48.197943Z,541427,99,yes,100
KXATPMATCH-25NOV08NORTIE-NOR,KXATPMATCH-25NOV08NORTIE,Sports,settled,finalized,2025-11-08T17:49:48.197943Z,466432,1,no,0
KXNCAAFSPREAD-25NOV08INDPSU-IND14,KXNCAAFSPREAD-25NOV08INDPSU,Sports,settled,finalized,2025-11-08T23:40:36.80718Z,183375,1,no,0
KXNCAAFSPREAD-25NOV08TXAMMIZZ-TXAM6,KXNCAAFSPREAD-25NOV08TXAMMIZZ,Sports,settled,finalized,2025-11-09T01:05:16.020473Z,182317,99,yes,100
KXNCAAFSPREAD-25NOV08LSUALA-ALA10,KXNCAAFSPREAD-25NOV08LSUALA,Sports,settled,finalized,2025-11-09T05:39:32.515556Z,152807,99,yes,100
KXNCAAFSPREAD-25NOV08LSUALA-ALA9,KXNCAAFSPREAD-25NOV08LSUALA,Sports,settled,finalized,2025-11-09T05:39:32.434737Z,120941,99,yes,100
KXNCAAFSPREAD-25NOV08INDPSU-IND13,KXNCAAFSPREAD-25NOV08INDPSU,Sports,settled,finalized,2025-11-08T23:40:36.708218Z,109978,1,no,0
KXCSGOGAME-MOUVIT825-VIT,KXCSGOGAME-MOUVIT825,Sports,settled,finalized,2025-11-08T17:15:58.038763Z,104964,99,yes,100
KXNCAAFTOTAL-25NOV08INDPSU-38,KXNCAAFTOTAL-25NOV08INDPSU,Sports,settled,finalized,2025-11-08T23:40:46.303905Z,83885,99,yes,100
KXNCAAFSPREAD-25NOV08LSUALA-ALA14,KXNCAAFSPREAD-25NOV08LSUALA,Sports,settled,finalized,2025-11-09T05:39:32.673044Z,81625,1,no,0
KXNCAAFSPREAD-25NOV08OREIOWA-ORE6,KXNCAAFSPREAD-25NOV08OREIOWA,Sports,settled,finalized,2025-11-09T00:40:18.680823Z,79154,1,no,0
KXNBASPREAD-25NOV08LALATL-LAL3,KXNBASPREAD-25NOV08LALATL,Sports,settled,finalized,2025-11-09T03:19:37.318158Z,73554,1,no,0
KXNCAAFSPREAD-25NOV08KENNNMSU-KENN9,KXNCAAFSPREAD-25NOV08KENNNMSU,Sports,settled,finalized,2025-11-09T01:15:10.925935Z,72930,1,no,0
KXNCAAFSPREAD-25NOV08COLOWVU-WVU6,KXNCAAFSPREAD-25NOV08COLOWVU,Sports,settled,finalized,2025-11-08T21:15:46.116191Z,70267,99,yes,100
KXNBATOTAL-25NOV08TORPHI-234,KXNBATOTAL-25NOV08TORPHI,Sports,settled,finalized,2025-11-09T03:19:40.225493Z,64802,99,yes,100
KXNBASPREAD-25NOV08INDDEN-DEN9,KXNBASPREAD-25NOV08INDDEN,Sports,settled,finalized,2025-11-09T04:49:27.864256Z,64695,99,yes,100
KXNCAAFTOTAL-25NOV08INDPSU-44,KXNCAAFTOTAL-25NOV08INDPSU,Sports,settled,finalized,2025-11-08T23:40:46.486244Z,63768,99,yes,100
KXNCAAFTOTAL-25NOV08INDPSU-50,KXNCAAFTOTAL-25NOV08INDPSU,Sports,settled,finalized,2025-11-08T23:40:46.688752Z,62601,99,yes,100
KXNCAAFSPREAD-25NOV08WASHWIS-WASH10,KXNCAAFSPREAD-25NOV08WASHWIS,Sports,settled,finalized,2025-11-09T01:54:58.053034Z,60759,1,no,0
KXCSGOGAME-MOUVIT825-MOU,KXCSGOGAME-MOUVIT825,Sports,settled,finalized,2025-11-08T17:15:58.038763Z,58807,1,no,0
KXNBATOTAL-25NOV08INDDEN-237,KXNBATOTAL-25NOV08INDDEN,Sports,settled,finalized,2025-11-09T04:49:30.257284Z,58368,1,no,0
KXALEAGUEGAME-25NOV08WPHAUC-AUC,KXALEAGUEGAME-25NOV08WPHAUC,Sports,settled,finalized,2025-11-08T08:05:02.515323Z,58008,99,yes,100
KXNCAAFSPREAD-25NOV08LSUALA-ALA6,KXNCAAFSPREAD-25NOV08LSUALA,Sports,settled,finalized,2025-11-09T05:39:32.264562Z,48685,99,yes,100
KXNBATOTAL-25NOV08LALATL-231,KXNBATOTAL-25NOV08LALATL,Sports,settled,finalized,2025-11-09T03:19:40.675081Z,46824,1,no,0
KXNCAAFTOTAL-25NOV08LSUALA-49,KXNCAAFTOTAL-25NOV08LSUALA,Sports,settled,finalized,2025-11-09T05:39:30.606528Z,44384,8,no,0
KXNCAAFTOTAL-25NOV08COLOWVU-53,KXNCAAFTOTAL-25NOV08COLOWVU,Sports,settled,finalized,2025-11-08T21:15:51.087041Z,42517,1,no,0
KXNCAAFTOTAL-25NOV08LSUALA-37,KXNCAAFTOTAL-25NOV08LSUALA,Sports,settled,finalized,2025-11-09T05:39:30.262469Z,41965,1,no,0
KXNBASPREAD-25NOV08LALATL-LAL6,KXNBASPREAD-25NOV08LALATL,Sports,settled,finalized,2025-11-09T03:19:37.400625Z,41507,1,no,0
KXNBASPREAD-25NOV08TORPHI-PHI5,KXNBASPREAD-25NOV08TORPHI,Sports,settled,finalized,2025-11-09T03:19:37.354869Z,40217,99,yes,100
KXNCAAFSPREAD-25NOV08LSUALA-ALA17,KXNCAAFSPREAD-25NOV08LSUALA,Sports,settled,finalized,2025-11-09T05:39:32.756683Z,39180,1,no,0
KXNCAAFSPREAD-25NOV08LSUALA-ALA7,KXNCAAFSPREAD-25NOV08LSUALA,Sports,settled,finalized,2025-11-09T05:39:32.343958Z,38747,99,yes,100
KXNCAAFTOTAL-25NOV08TXAMMIZZ-48,KXNCAAFTOTAL-25NOV08TXAMMIZZ,Sports,settled,finalized,2025-11-09T01:05:31.379862Z,38674,99,yes,100
KXNCAAFSPREAD-25NOV08WAKEUVA-UVA6,KXNCAAFSPREAD-25NOV08WAKEUVA,Sports,settled,finalized,2025-11-09T03:49:49.839368Z,38468,1,no,0
KXJLEAGUEGAME-25NOV09GAMVIK-VIK,KXJLEAGUEGAME-25NOV09GAMVIK,Sports,settled,finalized,2025-11-09T08:04:49.014535Z,37349,1,no,0
KXCSGOGAME-FALFUR25-FUR,KXCSGOGAME-FALFUR25,Sports,settled,finalized,2025-11-08T17:16:29.804893Z,37248,99,yes,100
KXNBASPREAD-25NOV08PHXLAC-LAC4,KXNBASPREAD-25NOV08PHXLAC,Sports,settled,finalized,2025-11-09T06:14:28.190323Z,36820,1,no,0
KXNCAAFTOTAL-25NOV08INDPSU-47,KXNCAAFTOTAL-25NOV08INDPSU,Sports,settled,finalized,2025-11-08T23:40:46.577779Z,36466,99,yes,100
KXJLEAGUEGAME-25NOV09GAMVIK-TIE,KXJLEAGUEGAME-25NOV09GAMVIK,Sports,settled,finalized,2025-11-09T08:04:49.014535Z,34665,99,yes,100
KXNCAAFTOTAL-25NOV08OREIOWA-42,KXNCAAFTOTAL-25NOV08OREIOWA,Sports,settled,finalized,2025-11-09T00:40:28.433193Z,34535,1,no,0
KXALEAGUEGAME-25NOV09BRRNUJ-BRR,KXALEAGUEGAME-25NOV09BRRNUJ,Sports,settled,finalized,2025-11-09T08:00:07.685293Z,33749,99,yes,100
KXNCAAFSPREAD-25NOV08TXAMMIZZ-TXAM7,KXNCAAFSPREAD-25NOV08TXAMMIZZ,Sports,settled,finalized,2025-11-09T01:05:16.10908Z,33591,99,yes,100
KXNCAAFSPREAD-25NOV08COLOWVU-WVU3,KXNCAAFSPREAD-25NOV08COLOWVU,Sports,settled,finalized,2025-11-08T21:15:46.026957Z,32833,99,yes,100
KXNBATOTAL-25NOV08PHXLAC-228,KXNBATOTAL-25NOV08PHXLAC,Sports,settled,finalized,2025-11-09T06:14:25.403902Z,30604,1,no,0
KXNCAAFTOTAL-25NOV08UGAMSST-56,KXNCAAFTOTAL-25NOV08UGAMSST,Sports,settled,finalized,2025-11-08T20:55:48.844965Z,30420,99,yes,100
KXKLEAGUEGAME-25NOV08JEJANY-ANY,KXKLEAGUEGAME-25NOV08JEJANY,Sports,settled,finalized,2025-11-08T12:15:37.265366Z,30397,99,yes,100
KXNBATOTAL-25NOV08PHXLAC-225,KXNBATOTAL-25NOV08PHXLAC,Sports,settled,finalized,2025-11-09T06:14:25.323023Z,30333,1,no,0
KXCS2MAP-MOUVIT25-VIT,KXCS2MAP-MOUVIT25,Sports,settled,finalized,2025-11-08T18:42:36.055405Z,29672,99,yes,100
KXALEAGUEGAME-25NOV08VICMEL-MEL,KXALEAGUEGAME-25NOV08VICMEL,Sports,settled,finalized,2025-11-08T10:40:31.14527Z,28940,99,yes,100
KXNBASPREAD-25NOV08CHICLE-CLE10,KXNBASPREAD-25NOV08CHICLE,Sports,settled,finalized,2025-11-09T03:49:29.726058Z,28463,1,no,0
KXJLEAGUEGAME-25NOV09GAMVIK-GAM,KXJLEAGUEGAME-25NOV09GAMVIK,Sports,settled,finalized,2025-11-09T08:04:49.014535Z,28208,1,no,0
KXNCAAFSPREAD-25NOV08DUKECONN-DUKE7,KXNCAAFSPREAD-25NOV08DUKECONN,Sports,settled,finalized,2025-11-09T00:55:14.342764Z,27992,1,no,0
KXNCAAFTOTAL-25NOV08WAKEUVA-48,KXNCAAFTOTAL-25NOV08WAKEUVA,Sports,settled,finalized,2025-11-09T03:49:54.702195Z,27902,1,no,0
KXLIGAMXGAME-25NOV07MAZNCX-MAZ,KXLIGAMXGAME-25NOV07MAZNCX,Sports,settled,finalized,2025-11-08T05:20:05.378376Z,27376,4,no,0
KXNBATOTAL-25NOV08NOPSAS-226,KXNBATOTAL-25NOV08NOPSAS,Sports,settled,finalized,2025-11-09T03:44:30.858817Z,27071,99,yes,100
KXNCAAFSPREAD-25NOV08OREIOWA-ORE3,KXNCAAFSPREAD-25NOV08OREIOWA,Sports,settled,finalized,2025-11-09T00:40:18.547245Z,26140,1,no,0
KXNBATOTAL-25NOV08PHXLAC-219,KXNBATOTAL-25NOV08PHXLAC,Sports,settled,finalized,2025-11-09T06:14:25.164074Z,25285,1,no,0
KXKLEAGUEGAME-25NOV09ULSSFC-ULS,KXKLEAGUEGAME-25NOV09ULSSFC,Sports,settled,finalized,2025-11-09T09:39:49.865936Z,25210,99,yes,100
KXNCAAFSPREAD-25NOV08OREIOWA-ORE7,KXNCAAFSPREAD-25NOV08OREIOWA,Sports,settled,finalized,2025-11-09T00:40:18.774271Z,24716,1,no,0
KXNCAAFTOTAL-25NOV08OREIOWA-30,KXNCAAFTOTAL-25NOV08OREIOWA,Sports,settled,finalized,2025-11-09T00:40:28.031404Z,24613,99,yes,100
KXCSGOGAME-FALFUR25-FAL,KXCSGOGAME-FALFUR25,Sports,settled,finalized,2025-11-08T17:16:29.804893Z,24548,1,no,0
KXNCAAFTOTAL-25NOV08INDPSU-41,KXNCAAFTOTAL-25NOV08INDPSU,Sports,settled,finalized,2025-11-08T23:40:46.395056Z,24357,99,yes,100
KXJLEAGUEGAME-25NOV09KYOMAR-MAR,KXJLEAGUEGAME-25NOV09KYOMAR,Sports,settled,finalized,2025-11-09T07:04:52.572499Z,24276,99,yes,100
KXNBASPREAD-25NOV08DALWAS-DAL3,KXNBASPREAD-25NOV08DALWAS,Sports,settled,finalized,2025-11-09T02:49:39.291373Z,23969,99,yes,100
KXNBATOTAL-25NOV08CHICLE-240,KXNBATOTAL-25NOV08CHICLE,Sports,settled,finalized,2025-11-09T03:49:31.017999Z,23523,99,yes,100
KXNCAAFTOTAL-25NOV08INDPSU-53,KXNCAAFTOTAL-25NOV08INDPSU,Sports,settled,finalized,2025-11-08T23:40:46.825626Z,22983,1,no,0
KXNCAAFSPREAD-25NOV08KUARIZ-ARIZ3,KXNCAAFSPREAD-25NOV08KUARIZ,Sports,settled,finalized,2025-11-09T00:45:21.121919Z,22789,99,yes,100
KXNCAAFSPREAD-25NOV08WAKEUVA-UVA7,KXNCAAFSPREAD-25NOV08WAKEUVA,Sports,settled,finalized,2025-11-09T03:49:49.943831Z,22646,1,no,0
KXCS2MAP-MOUVIT25-MOU,KXCS2MAP-MOUVIT25,Sports,settled,finalized,2025-11-08T18:42:36.055405Z,22622,1,no,0
KXALEAGUEGAME-25NOV08WPHAUC-WPH,KXALEAGUEGAME-25NOV08WPHAUC,Sports,settled,finalized,2025-11-08T08:05:02.515323Z,22545,1,no,0
KXNCAAFSPREAD-25NOV08LSUALA-ALA13,KXNCAAFSPREAD-25NOV08LSUALA,Sports,settled,finalized,2025-11-09T05:39:32.589537Z,22305,1,no,0
KXNBATOTAL-25NOV08LALATL-228,KXNBATOTAL-25NOV08LALATL,Sports,settled,finalized,2025-11-09T03:19:40.535368Z,21711,1,no,0
KXNCAAFSPREAD-25NOV08INDPSU-IND27,KXNCAAFSPREAD-25NOV08INDPSU,Sports,settled,finalized,2025-11-08T23:40:37.144203Z,21475,1,no,0
KXNCAAFTOTAL-25NOV08STANUNC-42,KXNCAAFTOTAL-25NOV08STANUNC,Sports,settled,finalized,2025-11-09T03:39:52.928018Z,21320,1,no,0
KXJLEAGUEGAME-25NOV09SHICER-CER,KXJLEAGUEGAME-25NOV09SHICER,Sports,settled,finalized,2025-11-09T08:04:49.002111Z,20957,99,yes,100
KXNCAAFSPREAD-25NOV08WAKEUVA-WAKE7,KXNCAAFSPREAD-25NOV08WAKEUVA,Sports,settled,finalized,2025-11-09T03:49:49.217094Z,20944,1,no,0
KXNCAAFSPREAD-25NOV08INDPSU-IND20,KXNCAAFSPREAD-25NOV08INDPSU,Sports,settled,finalized,2025-11-08T23:40:36.971651Z,20845,1,no,0
KXCS2MAP-MOUVIT225-MOU,KXCS2MAP-MOUVIT225,Sports,settled,finalized,2025-11-08T18:42:58.517376Z,20808,99,yes,100
KXNCAAFSPREAD-25NOV08INDPSU-IND7,KXNCAAFSPREAD-25NOV08INDPSU,Sports,settled,finalized,2025-11-08T23:40:36.441893Z,20745,1,no,0
KXNCAAFSPREAD-25NOV08INDPSU-IND6,KXNCAAFSPREAD-25NOV08INDPSU,Sports,settled,finalized,2025-11-08T23:40:36.351785Z,20740,1,no,0
KXNBATOTAL-25NOV08INDDEN-234,KXNBATOTAL-25NOV08INDDEN,Sports,settled,finalized,2025-11-09T04:49:30.165116Z,20693,1,no,0
KXNBASPREAD-25NOV08INDDEN-DEN12,KXNBASPREAD-25NOV08INDDEN,Sports,settled,finalized,2025-11-09T04:49:27.937268Z,20552,98,yes,100
KXNCAAFTOTAL-25NOV08DUKECONN-63,KXNCAAFTOTAL-25NOV08DUKECONN,Sports,settled,finalized,2025-11-09T00:55:16.583132Z,20542,99,yes,100
KXNCAAFSPREAD-25NOV08COLOWVU-WVU9,KXNCAAFSPREAD-25NOV08COLOWVU,Sports,settled,finalized,2025-11-08T21:15:46.336Z,20269,1,no,0
KXKLEAGUEGAME-25NOV09POHSEO-TIE,KXKLEAGUEGAME-25NOV09POHSEO,Sports,settled,finalized,2025-11-09T06:54:52.303101Z,20253,99,yes,100
KXNBASPREAD-25NOV08PHXLAC-PHX5,KXNBASPREAD-25NOV08PHXLAC,Sports,settled,finalized,2025-11-09T06:14:27.924104Z,19755,99,yes,100
KXJLEAGUEGAME-25NOV08REYNGE-REY,KXJLEAGUEGAME-25NOV08REYNGE,Sports,settled,finalized,2025-11-08T08:55:03.33297Z,19675,99,yes,100
KXNFL2TD-25NOV09ATLIND-INDJTAYLOR28,KXNFL2TD-25NOV09ATLIND,Sports,settled,finalized,2025-11-09T17:10:04.382284Z,19439,99,yes,100
KXNCAAFTOTAL-25NOV08LSUALA-43,KXNCAAFTOTAL-25NOV08LSUALA,Sports,settled,finalized,2025-11-09T05:39:30.424248Z,19006,1,no,0
KXNBATOTAL-25NOV08PHXLAC-222,KXNBATOTAL-25NOV08PHXLAC,Sports,settled,finalized,2025-11-09T06:14:25.243587Z,18888,1,no,0
KXNCAAMBSPREAD-25NOV08ALASJU-SJU6,KXNCAAMBSPREAD-25NOV08ALASJU,Sports,settled,finalized,2025-11-08T19:40:36.452521Z,18886,1,no,0
KXNBASPREAD-25NOV08NOPSAS-SAS11,KXNBASPREAD-25NOV08NOPSAS,Sports,settled,finalized,2025-11-09T03:44:38.115756Z,18825,2,no,0
KXNCAAFSPREAD-25NOV08COLOWVU-WVU2,KXNCAAFSPREAD-25NOV08COLOWVU,Sports,settled,finalized,2025-11-08T21:15:45.941197Z,18282,99,yes,100
KXNFLANYTD-25NOV09ATLIND-ATLDLONDON5,KXNFLANYTD-25NOV09ATLIND,Sports,settled,finalized,2025-11-09T15:44:44.804823Z,18145,99,yes,100
KXNBATOTAL-25NOV08INDDEN-231,KXNBATOTAL-25NOV08INDDEN,Sports,settled,finalized,2025-11-09T04:49:30.076748Z,18070,1,no,0
KXNBATOTAL-25NOV08DALWAS-215,KXNBATOTAL-25NOV08DALWAS,Sports,settled,finalized,2025-11-09T02:49:37.940678Z,17935,99,yes,100
KXNCAAFSPREAD-25NOV08LSUALA-ALA23,KXNCAAFSPREAD-25NOV08LSUALA,Sports,settled,finalized,2025-11-09T05:39:32.910822Z,17446,1,no,0
KXNBATOTAL-25NOV08TORPHI-237,KXNBATOTAL-25NOV08TORPHI,Sports,settled,finalized,2025-11-09T03:19:40.34709Z,17256,99,yes,100
KXLIGAMXGAME-25NOV08CRAPUM-PUM,KXLIGAMXGAME-25NOV08CRAPUM,Sports,settled,finalized,2025-11-09T05:30:05.372694Z,17174,99,yes,100
KXKLEAGUEGAME-25NOV09ULSSFC-SFC,KXKLEAGUEGAME-25NOV09ULSSFC,Sports,settled,finalized,2025-11-09T09:39:49.865936Z,17143,1,no,0
KXJLEAGUEGAME-25NOV09MACTOK-TOK,KXJLEAGUEGAME-25NOV09MACTOK,Sports,settled,finalized,2025-11-09T06:59:58.314296Z,17136,99,yes,100
KXLIGAMXGAME-25NOV08TIGASL-TIG,KXLIGAMXGAME-25NOV08TIGASL,Sports,settled,finalized,2025-11-09T01:30:13.870974Z,17076,99,yes,100
KXNBASPREAD-25NOV08PORMIA-POR2,KXNBASPREAD-25NOV08PORMIA,Sports,settled,finalized,2025-11-09T04:04:26.358612Z,17040,1,no,0
KXNBATOTAL-25NOV08DALWAS-230,KXNBATOTAL-25NOV08DALWAS,Sports,settled,finalized,2025-11-09T02:49:38.827709Z,16948,1,no,0
KXNBATOTAL-25NOV08DALWAS-233,KXNBATOTAL-25NOV08DALWAS,Sports,settled,finalized,2025-11-09T02:49:38.92408Z,16940,1,no,0
KXNCAAFSPREAD-25NOV08INDPSU-IND23,KXNCAAFSPREAD-25NOV08INDPSU,Sports,settled,finalized,2025-11-08T23:40:37.054185Z,16869,1,no,0
KXNCAAMBSPREAD-25NOV08ALASJU-SJU3,KXNCAAMBSPREAD-25NOV08ALASJU,Sports,settled,finalized,2025-11-08T19:40:36.34715Z,16861,1,no,0
KXKLEAGUEGAME-25NOV09ULSSFC-TIE,KXKLEAGUEGAME-25NOV09ULSSFC,Sports,settled,finalized,2025-11-09T09:39:49.865936Z,16755,1,no,0
KXKLEAGUEGAME-25NOV08JEJANY-JEJ,KXKLEAGUEGAME-25NOV08JEJANY,Sports,settled,finalized,2025-11-08T12:15:37.265366Z,16714,1,no,0
KXNCAAFSPREAD-25NOV08WAKEUVA-WAKE3,KXNCAAFSPREAD-25NOV08WAKEUVA,Sports,settled,finalized,2025-11-09T03:49:49.421063Z,16571,99,yes,100
KXNCAAFSPREAD-25NOV08INDPSU-IND17,KXNCAAFSPREAD-25NOV08INDPSU,Sports,settled,finalized,2025-11-08T23:40:36.890781Z,16455,1,no,0
KXLIGAMXGAME-25NOV07JUAQUE-QUE,KXLIGAMXGAME-25NOV07JUAQUE,Sports,settled,finalized,2025-11-08T03:05:16.26944Z,16440,99,yes,100
KXLIGAMXGAME-25NOV08CRAPUM-CRA,KXLIGAMXGAME-25NOV08CRAPUM,Sports,settled,finalized,2025-11-09T05:30:05.372694Z,16326,3,no,0
KXNBATOTAL-25NOV08INDDEN-219,KXNBATOTAL-25NOV08INDDEN,Sports,settled,finalized,2025-11-09T04:49:29.721127Z,16269,1,no,0
KXNBATOTAL-25NOV08INDDEN-228,KXNBATOTAL-25NOV08INDDEN,Sports,settled,finalized,2025-11-09T04:49:29.985197Z,16228,1,no,0
KXNBATOTAL-25NOV08PHXLAC-216,KXNBATOTAL-25NOV08PHXLAC,Sports,settled,finalized,2025-11-09T06:14:25.086369Z,15854,99,yes,100
KXNCAAFSPREAD-25NOV08TXAMMIZZ-TXAM20,KXNCAAFSPREAD-25NOV08TXAMMIZZ,Sports,settled,finalized,2025-11-09T01:05:16.701768Z,15720,99,yes,100
KXCS2MAP-MOUVIT225-VIT,KXCS2MAP-MOUVIT225,Sports,settled,finalized,2025-11-08T18:42:58.517376Z,15679,1,no,0
KXNCAAFTOTAL-25NOV08LSUALA-40,KXNCAAFTOTAL-25NOV08LSUALA,Sports,settled,finalized,2025-11-09T05:39:30.334673Z,15599,2,no,0
KXNBATOTAL-25NOV08NOPSAS-223,KXNBATOTAL-25NOV08NOPSAS,Sports,settled,finalized,2025-11-09T03:44:30.768566Z,15583,99,yes,100
KXNCAAFSPREAD-25NOV08COLOWVU-WVU7,KXNCAAFSPREAD-25NOV08COLOWVU,Sports,settled,finalized,2025-11-08T21:15:46.251583Z,15398,1,no,0
KXNBASPREAD-25NOV08NOPSAS-SAS8,KXNBASPREAD-25NOV08NOPSAS,Sports,settled,finalized,2025-11-09T03:44:37.997164Z,15394,1,no,0
KXNCAAFSPREAD-25NOV08INDPSU-IND2,KXNCAAFSPREAD-25NOV08INDPSU,Sports,settled,finalized,2025-11-08T23:40:36.178675Z,15335,99,yes,100
KXJLEAGUEGAME-25NOV09MACTOK-TIE,KXJLEAGUEGAME-25NOV09MACTOK,Sports,settled,finalized,2025-11-09T06:59:58.314296Z,15329,1,no,0
KXNBATOTAL-25NOV08DALWAS-221,KXNBATOTAL-25NOV08DALWAS,Sports,settled,finalized,2025-11-09T02:49:38.267843Z,15161,1,no,0
KXNCAAMBSPREAD-25NOV08ARKMSU-MSU4,KXNCAAMBSPREAD-25NOV08ARKMSU,Sports,settled,finalized,2025-11-09T02:49:43.86163Z,15116,35,no,0
KXNCAAFTOTAL-25NOV08WASHWIS-44,KXNCAAFTOTAL-25NOV08WASHWIS,Sports,settled,finalized,2025-11-09T01:54:58.774863Z,15013,1,no,0
KXNCAAFTOTAL-25NOV08COLOWVU-50,KXNCAAFTOTAL-25NOV08COLOWVU,Sports,settled,finalized,2025-11-08T21:15:50.99015Z,14973,99,yes,100
KXALEAGUEGAME-25NOV08SYDMAC-SYD,KXALEAGUEGAME-25NOV08SYDMAC,Sports,settled,finalized,2025-11-09T06:00:04.687145Z,14858,99,yes,100
KXNBATOTAL-25NOV08DALWAS-224,KXNBATOTAL-25NOV08DALWAS,Sports,settled,finalized,2025-11-09T02:49:38.515996Z,14744,1,no,0
KXKLEAGUEGAME-25NOV08JEJANY-TIE,KXKLEAGUEGAME-25NOV08JEJANY,Sports,settled,finalized,2025-11-08T12:15:37.265366Z,14703,10,no,0
KXJLEAGUEGAME-25NOV08SHOALB-SHO,KXJLEAGUEGAME-25NOV08SHOALB,Sports,settled,finalized,2025-11-08T08:00:18.622035Z,14520,99,yes,100
KXNCAAFSPREAD-25NOV08STANUNC-UNC3,KXNCAAFSPREAD-25NOV08STANUNC,Sports,settled,finalized,2025-11-09T03:39:56.347562Z,14502,99,yes,100
KXJLEAGUEGAME-25NOV09KYOMAR-KYO,KXJLEAGUEGAME-25NOV09KYOMAR,Sports,settled,finalized,2025-11-09T07:04:52.572499Z,14417,1,no,0
KXKLEAGUEGAME-25NOV08GISGAW-GAW,KXKLEAGUEGAME-25NOV08GISGAW,Sports,settled,finalized,2025-11-08T09:30:03.420985Z,14373,98,yes,100
KXLIGAMXGAME-25NOV08CDGMON-CDG,KXLIGAMXGAME-25NOV08CDGMON,Sports,settled,finalized,2025-11-09T01:40:13.714041Z,14101,99,yes,100
KXNBASPREAD-25NOV08PHXLAC-PHX8,KXNBASPREAD-25NOV08PHXLAC,Sports,settled,finalized,2025-11-09T06:14:27.832661Z,14089,99,yes,100
KXNCAAMBTOTAL-25NOV08ALASJU-171,KXNCAAMBTOTAL-25NOV08ALASJU,Sports,settled,finalized,2025-11-08T19:40:50.275105Z,14047,99,yes,100
KXNBASPREAD-25NOV08CHICLE-CLE7,KXNBASPREAD-25NOV08CHICLE,Sports,settled,finalized,2025-11-09T03:49:29.634021Z,14032,1,no,0
KXNFL2TD-25NOV09ATLIND-ATLTALLGEIER25,KXNFL2TD-25NOV09ATLIND,Sports,settled,finalized,2025-11-09T17:24:55.077618Z,13968,99,yes,100
KXALEAGUEGAME-25NOV09BRRNUJ-NUJ,KXALEAGUEGAME-25NOV09BRRNUJ,Sports,settled,finalized,2025-11-09T08:00:07.685293Z,13856,1,no,0
KXALEAGUEGAME-25NOV08WPHAUC-TIE,KXALEAGUEGAME-25NOV08WPHAUC,Sports,settled,finalized,2025-11-08T08:05:02.515323Z,13818,1,no,0
KXJLEAGUEGAME-25NOV08KAWFAG-TIE,KXJLEAGUEGAME-25NOV08KAWFAG,Sports,settled,finalized,2025-11-08T08:00:18.722374Z,13789,99,yes,100
KXNBASPREAD-25NOV08INDDEN-DEN18,KXNBASPREAD-25NOV08INDDEN,Sports,settled,finalized,2025-11-09T04:49:28.122804Z,13788,1,no,0
KXNBASPREAD-25NOV08CHICLE-CLE4,KXNBASPREAD-25NOV08CHICLE,Sports,settled,finalized,2025-11-09T03:49:29.539504Z,13761,99,yes,100
KXNCAAFSPREAD-25NOV08BGSUEMU-BGSU2,KXNCAAFSPREAD-25NOV08BGSUEMU,Sports,settled,finalized,2025-11-08T22:30:44.974045Z,13654,1,no,0
KXKLEAGUEGAME-25NOV08DAGGWA-TIE,KXKLEAGUEGAME-25NOV08DAGGWA,Sports,settled,finalized,2025-11-08T07:00:13.160823Z,13617,1,no,0
KXNBATOTAL-25NOV08CHICLE-249,KXNBATOTAL-25NOV08CHICLE,Sports,settled,finalized,2025-11-09T03:49:31.412813Z,13562,99,yes,100
KXNCAAFSPREAD-25NOV08INDPSU-PSU2,KXNCAAFSPREAD-25NOV08INDPSU,Sports,settled,finalized,2025-11-08T23:40:36.099781Z,13402,1,no,0
KXKLEAGUEGAME-25NOV08JEODAJ-JEO,KXKLEAGUEGAME-25NOV08JEODAJ,Sports,settled,finalized,2025-11-08T09:34:55.359499Z,13344,99,yes,100
KXNBASPREAD-25NOV08PHXLAC-LAC1,KXNBASPREAD-25NOV08PHXLAC,Sports,settled,finalized,2025-11-09T06:14:28.096766Z,13337,1,no,0
KXNCAAMBSPREAD-25NOV08OKLAGONZ-GONZ11,KXNCAAMBSPREAD-25NOV08OKLAGONZ,Sports,settled,finalized,2025-11-09T06:09:28.2322Z,13056,99,yes,100
KXNCAAFSPREAD-25NOV08INDPSU-IND10,KXNCAAFSPREAD-25NOV08INDPSU,Sports,settled,finalized,2025-11-08T23:40:36.622047Z,12988,1,no,0
KXNCAAFTOTAL-25NOV08TXAMMIZZ-36,KXNCAAFTOTAL-25NOV08TXAMMIZZ,Sports,settled,finalized,2025-11-09T01:05:30.494096Z,12804,99,yes,100
KXNCAAFTOTAL-25NOV08INDPSU-56,KXNCAAFTOTAL-25NOV08INDPSU,Sports,settled,finalized,2025-11-08T23:40:46.953599Z,12802,1,no,0
KXNCAAFTOTAL-25NOV08INDPSU-59,KXNCAAFTOTAL-25NOV08INDPSU,Sports,settled,finalized,2025-11-08T23:40:47.041079Z,12799,4,no,0
KXNBASPREAD-25NOV08DALWAS-DAL6,KXNBASPREAD-25NOV08DALWAS,Sports,settled,finalized,2025-11-09T02:49:39.428194Z,12785,1,no,0
KXNCAAFTOTAL-25NOV08OREIOWA-39,KXNCAAFTOTAL-25NOV08OREIOWA,Sports,settled,finalized,2025-11-09T00:40:28.329949Z,12770,1,no,0
KXNCAAFSPREAD-25NOV08KUARIZ-ARIZ6,KXNCAAFSPREAD-25NOV08KUARIZ,Sports,settled,finalized,2025-11-09T00:45:21.218656Z,12667,1,no,0
KXLIGAMXGAME-25NOV07MAZNCX-TIE,KXLIGAMXGAME-25NOV07MAZNCX,Sports,settled,finalized,2025-11-08T05:20:05.378376Z,12485,99,yes,100
KXNCAAFTOTAL-25NOV08BGSUEMU-50,KXNCAAFTOTAL-25NOV08BGSUEMU,Sports,settled,finalized,2025-11-08T22:30:50.947928Z,12300,1,no,0
KXSAUDIPLGAME-25NOV08ITJAAS-AAS,KXSAUDIPLGAME-25NOV08ITJAAS,Sports,settled,finalized,2025-11-08T19:35:26.427347Z,12281,99,yes,100
KXNBATOTAL-25NOV08TORPHI-252,KXNBATOTAL-25NOV08TORPHI,Sports,settled,finalized,2025-11-09T03:19:40.966183Z,12197,1,no,0
KXNCAAFTOTAL-25NOV08COLOWVU-47,KXNCAAFTOTAL-25NOV08COLOWVU,Sports,settled,finalized,2025-11-08T21:15:50.894667Z,12108,99,yes,100
KXJLEAGUEGAME-25NOV08SHOALB-ALB,KXJLEAGUEGAME-25NOV08SHOALB,Sports,settled,finalized,2025-11-08T08:00:18.622035Z,12072,1,no,0
KXNCAAFSPREAD-25NOV08INDPSU-PSU3,KXNCAAFSPREAD-25NOV08INDPSU,Sports,settled,finalized,2025-11-08T23:40:36.018964Z,12016,1,no,0
KXNCAAFSPREAD-25NOV08COLOWVU-WVU20,KXNCAAFSPREAD-25NOV08COLOWVU,Sports,settled,finalized,2025-11-08T21:15:46.809754Z,11838,1,no,0
KXNCAAFSPREAD-25NOV08TXAMMIZZ-TXAM9,KXNCAAFSPREAD-25NOV08TXAMMIZZ,Sports,settled,finalized,2025-11-09T01:05:16.188307Z,11760,99,yes,100
KXJLEAGUEGAME-25NOV08KAWFAG-KAW,KXJLEAGUEGAME-25NOV08KAWFAG,Sports,settled,finalized,2025-11-08T08:00:18.722374Z,11719,1,no,0
KXNCAAFSPREAD-25NOV08SYRMIA-MIA27,KXNCAAFSPREAD-25NOV08SYRMIA,Sports,settled,finalized,2025-11-09T01:10:09.540589Z,11700,99,yes,100
KXSAUDIPLGAME-25NOV08NEOALN-ALN,KXSAUDIPLGAME-25NOV08NEOALN,Sports,settled,finalized,2025-11-08T15:50:49.839506Z,11692,99,yes,100
KXLIGAMXGAME-25NOV07MAZNCX-NCX,KXLIGAMXGAME-25NOV07MAZNCX,Sports,settled,finalized,2025-11-08T05:20:05.378376Z,11661,1,no,0
KXNCAAFSPREAD-25NOV08INDPSU-IND9,KXNCAAFSPREAD-25NOV08INDPSU,Sports,settled,finalized,2025-11-08T23:40:36.524727Z,11647,1,no,0
KXNFLFIRSTTD-25NOV09ATLIND-INDJTAYLOR28,KXNFLFIRSTTD-25NOV09ATLIND,Sports,settled,finalized,2025-11-09T14:49:44.040679Z,11609,99,yes,100
KXCS2MAP-FALFUR25-FUR,KXCS2MAP-FALFUR25,Sports,settled,finalized,2025-11-08T19:35:35.044706Z,11450,99,yes,100
KXNCAAFSPREAD-25NOV08WASHWIS-WIS2,KXNCAAFSPREAD-25NOV08WASHWIS,Sports,settled,finalized,2025-11-09T01:54:57.536089Z,11280,99,yes,100
KXKLEAGUEGAME-25NOV08DAGGWA-DAG,KXKLEAGUEGAME-25NOV08DAGGWA,Sports,settled,finalized,2025-11-08T07:00:13.160823Z,11245,99,yes,100
KXNBATOTAL-25NOV08CHICLE-252,KXNBATOTAL-25NOV08CHICLE,Sports,settled,finalized,2025-11-09T03:49:31.539448Z,11238,1,no,0
KXNCAAFSPREAD-25NOV08WAKEUVA-WAKE10,KXNCAAFSPREAD-25NOV08WAKEUVA,Sports,settled,finalized,2025-11-09T03:49:49.044791Z,11126,1,no,0
KXNBATOTAL-25NOV08PHXLAC-210,KXNBATOTAL-25NOV08PHXLAC,Sports,settled,finalized,2025-11-09T06:14:24.940049Z,11009,99,yes,100
KXNCAAFTOTAL-25NOV08TXAMMIZZ-39,KXNCAAFTOTAL-25NOV08TXAMMIZZ,Sports,settled,finalized,2025-11-09T01:05:30.657295Z,10986,99,yes,100
KXLIGAMXGAME-25NOV07TIJATL-TIJ,KXLIGAMXGAME-25NOV07TIJATL,Sports,settled,finalized,2025-11-08T05:10:01.272504Z,10907,99,yes,100
KXNCAAFSPREAD-25NOV08TXAMMIZZ-TXAM13,KXNCAAFSPREAD-25NOV08TXAMMIZZ,Sports,settled,finalized,2025-11-09T01:05:16.448247Z,10831,99,yes,100
KXNBATOTAL-25NOV08LALATL-216,KXNBATOTAL-25NOV08LALATL,Sports,settled,finalized,2025-11-09T03:19:40.045222Z,10829,99,yes,100
KXNCAAFTOTAL-25NOV08SYRMIA-34,KXNCAAFTOTAL-25NOV08SYRMIA,Sports,settled,finalized,2025-11-09T01:10:10.929058Z,10767,99,yes,100
KXNBATOTAL-25NOV08INDDEN-225,KXNBATOTAL-25NOV08INDDEN,Sports,settled,finalized,2025-11-09T04:49:29.907168Z,10740,1,no,0
KXNCAAFTOTAL-25NOV08WASHWIS-35,KXNCAAFTOTAL-25NOV08WASHWIS,Sports,settled,finalized,2025-11-09T01:54:58.489951Z,10712,1,no,0
KXNCAAFSPREAD-25NOV08KENNNMSU-NMSU2,KXNCAAFSPREAD-25NOV08KENNNMSU,Sports,settled,finalized,2025-11-09T01:15:10.298516Z,10657,1,no,0
KXJLEAGUEGAME-25NOV09MACTOK-MAC,KXJLEAGUEGAME-25NOV09MACTOK,Sports,settled,finalized,2025-11-09T06:59:58.314296Z,10657,1,no,0
KXNBATOTAL-25NOV08CHICLE-225,KXNBATOTAL-25NOV08CHICLE,Sports,settled,finalized,2025-11-09T03:49:30.481228Z,10629,99,yes,100
KXNCAAFTOTAL-25NOV08WASHWIS-32,KXNCAAFTOTAL-25NOV08WASHWIS,Sports,settled,finalized,2025-11-09T01:54:58.393843Z,10586,1,no,0
KXNBASPREAD-25NOV08PORMIA-MIA1,KXNBASPREAD-25NOV08PORMIA,Sports,settled,finalized,2025-11-09T04:04:26.271315Z,10421,99,yes,100
KXNBATOTAL-25NOV08INDDEN-240,KXNBATOTAL-25NOV08INDDEN,Sports,settled,finalized,2025-11-09T04:49:30.337787Z,10303,1,no,0
KXNCAAFSPREAD-25NOV08WAKEUVA-WAKE9,KXNCAAFSPREAD-25NOV08WAKEUVA,Sports,settled,finalized,2025-11-09T03:49:49.124411Z,10300,1,no,0
KXLIGAMXGAME-25NOV08CDGMON-MON,KXLIGAMXGAME-25NOV08CDGMON,Sports,settled,finalized,2025-11-09T01:40:13.714041Z,10246,10,no,0
KXETHD-25NOV0913-T4139.99,KXETHD-25NOV0913,Crypto,settled,finalized,2025-11-09T18:00:00Z,0,0,no,0
KXETHD-25NOV0913-T4119.99,KXETHD-25NOV0913,Crypto,settled,finalized,2025-11-09T18:00:00Z,0,0,no,0
KXETHD-25NOV0913-T4099.99,KXETHD-25NOV0913,Crypto,settled,finalized,2025-11-09T18:00:00Z,0,0,no,0
KXETHD-25NOV0913-T4079.99,KXETHD-25NOV0913,Crypto,settled,finalized,2025-11-09T18:00:00Z,0,0,no,0
KXETHD-25NOV0913-T4059.99,KXETHD-25NOV0913,Crypto,settled,finalized,2025-11-09T18:00:00Z,0,0,no,0
KXETHD-25NOV0913-T4039.99,KXETHD-25NOV0913,Crypto,settled,finalized,2025-11-09T18:00:00Z,0,0,no,0
KXETHD-25NOV0913-T4019.99,KXETHD-25NOV0913,Crypto,settled,finalized,2025-11-09T18:00:00Z,0,0,no,0
KXETHD-25NOV0913-T3999.99,KXETHD-25NOV0913,Crypto,settled,finalized,2025-11-09T18:00:00Z,0,0,no,0
KXETHD-25NOV0913-T3979.99,KXETHD-25NOV0913,Crypto,settled,finalized,2025-11-09T18:00:00Z,0,0,no,0
KXETHD-25NOV0913-T3959.99,KXETHD-25NOV0913,Crypto,settled,finalized,2025-11-09T18:00:00Z,0,0,no,0
KXETHD-25NOV0913-T3939.99,KXETHD-25NOV0913,Crypto,settled,finalized,2025-11-09T18:00:00Z,0,0,no,0
KXETHD-25NOV0913-T3919.99,KXETHD-25NOV0913,Crypto,settled,finalized,2025-11-09T18:00:00Z,0,0,no,0
KXETHD-25NOV0913-T3899.99,KXETHD-25NOV0913,Crypto,settled,finalized,2025-11-09T18:00:00Z,0,0,no,0
KXETHD-25NOV0913-T3879.99,KXETHD-25NOV0913,Crypto,settled,finalized,2025-11-09T18:00:00Z,0,0,no,0
KXETHD-25NOV0913-T3859.99,KXETHD-25NOV0913,Crypto,settled,finalized,2025-11-09T18:00:00Z,0,0,no,0
KXETHD-25NOV0913-T3839.99,KXETHD-25NOV0913,Crypto,settled,finalized,2025-11-09T18:00:00Z,0,0,no,0
KXETHD-25NOV0913-T3819.99,KXETHD-25NOV0913,Crypto,settled,finalized,2025-11-09T18:00:00Z,0,0,no,0
KXETHD-25NOV0913-T3799.99,KXETHD-25NOV0913,Crypto,settled,finalized,2025-11-09T18:00:00Z,0,0,no,0
KXETHD-25NOV0913-T3779.99,KXETHD-25NOV0913,Crypto,settled,finalized,2025-11-09T18:00:00Z,0,0,no,0
KXETHD-25NOV0913-T3759.99,KXETHD-25NOV0913,Crypto,settled,finalized,2025-11-09T18:00:00Z,0,0,no,0
KXETHD-25NOV0913-T3739.99,KXETHD-25NOV0913,Crypto,settled,finalized,2025-11-09T18:00:00Z,0,0,no,0
KXETHD-25NOV0913-T3719.99,KXETHD-25NOV0913,Crypto,settled,finalized,2025-11-09T18:00:00Z,0,0,no,0
KXETHD-25NOV0913-T3699.99,KXETHD-25NOV0913,Crypto,settled,finalized,2025-11-09T18:00:00Z,0,0,no,0
KXETHD-25NOV0913-T3679.99,KXETHD-25NOV0913,Crypto,settled,finalized,2025-11-09T18:00:00Z,0,0,no,0
KXETHD-25NOV0913-T3659.99,KXETHD-25NOV0913,Crypto,settled,finalized,2025-11-09T18:00:00Z,0,0,no,0
KXETHD-25NOV0913-T3479.99,KXETHD-25NOV0913,Crypto,settled,finalized,2025-11-09T18:00:00Z,0,0,yes,100
KXETHD-25NOV0913-T3459.99,KXETHD-25NOV0913,Crypto,settled,finalized,2025-11-09T18:00:00Z,0,0,yes,100
KXETHD-25NOV0913-T3439.99,KXETHD-25NOV0913,Crypto,settled,finalized,2025-11-09T18:00:00Z,0,0,yes,100
KXETHD-25NOV0913-T3419.99,KXETHD-25NOV0913,Crypto,settled,finalized,2025-11-09T18:00:00Z,0,0,yes,100
KXETHD-25NOV0913-T3399.99,KXETHD-25NOV0913,Crypto,settled,finalized,2025-11-09T18:00:00Z,0,0,yes,100
KXETHD-25NOV0913-T3379.99,KXETHD-25NOV0913,Crypto,settled,finalized,2025-11-09T18:00:00Z,0,0,yes,100
KXETHD-25NOV0913-T3359.99,KXETHD-25NOV0913,Crypto,settled,finalized,2025-11-09T18:00:00Z,0,0,yes,100
KXETHD-25NOV0913-T3339.99,KXETHD-25NOV0913,Crypto,settled,finalized,2025-11-09T18:00:00Z,0,0,yes,100
KXETHD-25NOV0913-T3319.99,KXETHD-25NOV0913,Crypto,settled,finalized,2025-11-09T18:00:00Z,0,0,yes,100
KXETHD-25NOV0913-T3299.99,KXETHD-25NOV0913,Crypto,settled,finalized,2025-11-09T18:00:00Z,0,0,yes,100
KXETHD-25NOV0913-T3279.99,KXETHD-25NOV0913,Crypto,settled,finalized,2025-11-09T18:00:00Z,0,0,yes,100
KXETHD-25NOV0913-T3259.99,KXETHD-25NOV0913,Crypto,settled,finalized,2025-11-09T18:00:00Z,0,0,yes,100
KXETHD-25NOV0913-T3239.99,KXETHD-25NOV0913,Crypto,settled,finalized,2025-11-09T18:00:00Z,0,0,yes,100
KXETHD-25NOV0913-T3219.99,KXETHD-25NOV0913,Crypto,settled,finalized,2025-11-09T18:00:00Z,0,0,yes,100
KXETHD-25NOV0913-T3199.99,KXETHD-25NOV0913,Crypto,settled,finalized,2025-11-09T18:00:00Z,0,0,yes,100
KXETHD-25NOV0913-T3179.99,KXETHD-25NOV0913,Crypto,settled,finalized,2025-11-09T18:00:00Z,0,0,yes,100
KXETHD-25NOV0913-T3159.99,KXETHD-25NOV0913,Crypto,settled,finalized,2025-11-09T18:00:00Z,0,0,yes,100
KXETHD-25NOV0913-T3139.99,KXETHD-25NOV0913,Crypto,settled,finalized,2025-11-09T18:00:00Z,0,0,yes,100
KXETHD-25NOV0913-T3119.99,KXETHD-25NOV0913,Crypto,settled,finalized,2025-11-09T18:00:00Z,0,0,yes,100
KXETHD-25NOV0913-T3099.99,KXETHD-25NOV0913,Crypto,settled,finalized,2025-11-09T18:00:00Z,0,0,yes,100
KXETHD-25NOV0913-T3079.99,KXETHD-25NOV0913,Crypto,settled,finalized,2025-11-09T18:00:00Z,0,0,yes,100
KXETHD-25NOV0913-T3059.99,KXETHD-25NOV0913,Crypto,settled,finalized,2025-11-09T18:00:00Z,0,0,yes,100
KXETHD-25NOV0913-T3039.99,KXETHD-25NOV0913,Crypto,settled,finalized,2025-11-09T18:00:00Z,0,0,yes,100
KXETHD-25NOV0913-T3019.99,KXETHD-25NOV0913,Crypto,settled,finalized,2025-11-09T18:00:00Z,0,0,yes,100
KXETHD-25NOV0913-T2999.99,KXETHD-25NOV0913,Crypto,settled,finalized,2025-11-09T18:00:00Z,0,0,yes,100
KXETHD-25NOV0913-T2979.99,KXETHD-25NOV0913,Crypto,settled,finalized,2025-11-09T18:00:00Z,0,0,yes,100
KXETHD-25NOV0913-T2959.99,KXETHD-25NOV0913,Crypto,settled,finalized,2025-11-09T18:00:00Z,0,0,yes,100
KXETHD-25NOV0913-T2939.99,KXETHD-25NOV0913,Crypto,settled,finalized,2025-11-09T18:00:00Z,0,0,yes,100
KXETHD-25NOV0913-T2919.99,KXETHD-25NOV0913,Crypto,settled,finalized,2025-11-09T18:00:00Z,0,0,yes,100
KXETHD-25NOV0913-T2899.99,KXETHD-25NOV0913,Crypto,settled,finalized,2025-11-09T18:00:00Z,0,0,yes,100
KXETHD-25NOV0913-T2879.99,KXETHD-25NOV0913,Crypto,settled,finalized,2025-11-09T18:00:00Z,0,0,yes,100
KXETHD-25NOV0913-T2859.99,KXETHD-25NOV0913,Crypto,settled,finalized,2025-11-09T18:00:00Z,0,0,yes,100
KXETHD-25NOV0913-T2839.99,KXETHD-25NOV0913,Crypto,settled,finalized,2025-11-09T18:00:00Z,0,0,yes,100
KXETHD-25NOV0913-T2819.99,KXETHD-25NOV0913,Crypto,settled,finalized,2025-11-09T18:00:00Z,0,0,yes,100
KXETHD-25NOV0913-T2799.99,KXETHD-25NOV0913,Crypto,settled,finalized,2025-11-09T18:00:00Z,0,0,yes,100
KXETHD-25NOV0913-T2779.99,KXETHD-25NOV0913,Crypto,settled,finalized,2025-11-09T18:00:00Z,0,0,yes,100
KXETHD-25NOV0913-T2759.99,KXETHD-25NOV0913,Crypto,settled,finalized,2025-11-09T18:00:00Z,0,0,yes,100
KXETHD-25NOV0913-T2739.99,KXETHD-25NOV0913,Crypto,settled,finalized,2025-11-09T18:00:00Z,0,0,yes,100
KXETHD-25NOV0913-T2719.99,KXETHD-25NOV0913,Crypto,settled,finalized,2025-11-09T18:00:00Z,0,0,yes,100
KXETHD-25NOV0913-T2699.99,KXETHD-25NOV0913,Crypto,settled,finalized,2025-11-09T18:00:00Z,0,0,yes,100
KXETHD-25NOV0913-T2679.99,KXETHD-25NOV0913,Crypto,settled,finalized,2025-11-09T18:00:00Z,0,0,yes,100
KXETHD-25NOV0913-T2659.99,KXETHD-25NOV0913,Crypto,settled,finalized,2025-11-09T18:00:00Z,0,0,yes,100
KXETHD-25NOV0912-T4139.99,KXETHD-25NOV0912,Crypto,settled,finalized,2025-11-09T17:00:00Z,0,0,no,0
KXETHD-25NOV0912-T4119.99,KXETHD-25NOV0912,Crypto,settled,finalized,2025-11-09T17:00:00Z,0,0,no,0
KXETHD-25NOV0912-T4099.99,KXETHD-25NOV0912,Crypto,settled,finalized,2025-11-09T17:00:00Z,0,0,no,0
KXETHD-25NOV0912-T4079.99,KXETHD-25NOV0912,Crypto,settled,finalized,2025-11-09T17:00:00Z,0,0,no,0
KXETHD-25NOV0912-T4059.99,KXETHD-25NOV0912,Crypto,settled,finalized,2025-11-09T17:00:00Z,0,0,no,0
KXETHD-25NOV0912-T4039.99,KXETHD-25NOV0912,Crypto,settled,finalized,2025-11-09T17:00:00Z,0,0,no,0
KXETHD-25NOV0912-T4019.99,KXETHD-25NOV0912,Crypto,settled,finalized,2025-11-09T17:00:00Z,0,0,no,0
KXETHD-25NOV0912-T3999.99,KXETHD-25NOV0912,Crypto,settled,finalized,2025-11-09T17:00:00Z,0,0,no,0
KXETHD-25NOV0912-T3979.99,KXETHD-25NOV0912,Crypto,settled,finalized,2025-11-09T17:00:00Z,0,0,no,0
KXETHD-25NOV0912-T3959.99,KXETHD-25NOV0912,Crypto,settled,finalized,2025-11-09T17:00:00Z,0,0,no,0
KXETHD-25NOV0912-T3939.99,KXETHD-25NOV0912,Crypto,settled,finalized,2025-11-09T17:00:00Z,0,0,no,0
KXETHD-25NOV0912-T3919.99,KXETHD-25NOV0912,Crypto,settled,finalized,2025-11-09T17:00:00Z,0,0,no,0
KXETHD-25NOV0912-T3899.99,KXETHD-25NOV0912,Crypto,settled,finalized,2025-11-09T17:00:00Z,0,0,no,0
KXETHD-25NOV0912-T3879.99,KXETHD-25NOV0912,Crypto,settled,finalized,2025-11-09T17:00:00Z,0,0,no,0
KXETHD-25NOV0912-T3859.99,KXETHD-25NOV0912,Crypto,settled,finalized,2025-11-09T17:00:00Z,0,0,no,0
KXETHD-25NOV0912-T3839.99,KXETHD-25NOV0912,Crypto,settled,finalized,2025-11-09T17:00:00Z,0,0,no,0
KXETHD-25NOV0912-T3819.99,KXETHD-25NOV0912,Crypto,settled,finalized,2025-11-09T17:00:00Z,0,0,no,0
KXETHD-25NOV0912-T3799.99,KXETHD-25NOV0912,Crypto,settled,finalized,2025-11-09T17:00:00Z,0,0,no,0
KXETHD-25NOV0912-T3779.99,KXETHD-25NOV0912,Crypto,settled,finalized,2025-11-09T17:00:00Z,0,0,no,0
KXETHD-25NOV0912-T3759.99,KXETHD-25NOV0912,Crypto,settled,finalized,2025-11-09T17:00:00Z,0,0,no,0
KXETHD-25NOV0912-T3739.99,KXETHD-25NOV0912,Crypto,settled,finalized,2025-11-09T17:00:00Z,0,0,no,0
KXETHD-25NOV0912-T3719.99,KXETHD-25NOV0912,Crypto,settled,finalized,2025-11-09T17:00:00Z,0,0,no,0
KXETHD-25NOV0912-T3699.99,KXETHD-25NOV0912,Crypto,settled,finalized,2025-11-09T17:00:00Z,0,0,no,0
KXETHD-25NOV0912-T3679.99,KXETHD-25NOV0912,Crypto,settled,finalized,2025-11-09T17:00:00Z,0,0,no,0
KXETHD-25NOV0912-T3659.99,KXETHD-25NOV0912,Crypto,settled,finalized,2025-11-09T17:00:00Z,0,0,no,0
KXETHD-25NOV0912-T3639.99,KXETHD-25NOV0912,Crypto,settled,finalized,2025-11-09T17:00:00Z,0,0,no,0
KXETHD-25NOV0912-T3619.99,KXETHD-25NOV0912,Crypto,settled,finalized,2025-11-09T17:00:00Z,0,0,no,0
KXETHD-25NOV0912-T3599.99,KXETHD-25NOV0912,Crypto,settled,finalized,2025-11-09T17:00:00Z,0,0,no,0
KXETHD-25NOV0912-T3579.99,KXETHD-25NOV0912,Crypto,settled,finalized,2025-11-09T17:00:00Z,0,0,no,0
KXETHD-25NOV0912-T3559.99,KXETHD-25NOV0912,Crypto,settled,finalized,2025-11-09T17:00:00Z,0,0,no,0
KXETHD-25NOV0912-T3459.99,KXETHD-25NOV0912,Crypto,settled,finalized,2025-11-09T17:00:00Z,0,0,yes,100
KXETHD-25NOV0912-T3439.99,KXETHD-25NOV0912,Crypto,settled,finalized,2025-11-09T17:00:00Z,0,0,yes,100
KXETHD-25NOV0912-T3419.99,KXETHD-25NOV0912,Crypto,settled,finalized,2025-11-09T17:00:00Z,0,0,yes,100
KXETHD-25NOV0912-T3399.99,KXETHD-25NOV0912,Crypto,settled,finalized,2025-11-09T17:00:00Z,0,0,yes,100
KXETHD-25NOV0912-T3379.99,KXETHD-25NOV0912,Crypto,settled,finalized,2025-11-09T17:00:00Z,0,0,yes,100
KXETHD-25NOV0912-T3359.99,KXETHD-25NOV0912,Crypto,settled,finalized,2025-11-09T17:00:00Z,0,0,yes,100
KXETHD-25NOV0912-T3339.99,KXETHD-25NOV0912,Crypto,settled,finalized,2025-11-09T17:00:00Z,0,0,yes,100
KXETHD-25NOV0912-T3319.99,KXETHD-25NOV0912,Crypto,settled,finalized,2025-11-09T17:00:00Z,0,0,yes,100
KXETHD-25NOV0912-T3299.99,KXETHD-25NOV0912,Crypto,settled,finalized,2025-11-09T17:00:00Z,0,0,yes,100
KXETHD-25NOV0912-T3279.99,KXETHD-25NOV0912,Crypto,settled,finalized,2025-11-09T17:00:00Z,0,0,yes,100
KXETHD-25NOV0912-T3259.99,KXETHD-25NOV0912,Crypto,settled,finalized,2025-11-09T17:00:00Z,0,0,yes,100
KXETHD-25NOV0912-T3239.99,KXETHD-25NOV0912,Crypto,settled,finalized,2025-11-09T17:00:00Z,0,0,yes,100
KXETHD-25NOV0912-T3219.99,KXETHD-25NOV0912,Crypto,settled,finalized,2025-11-09T17:00:00Z,0,0,yes,100
KXETHD-25NOV0912-T3199.99,KXETHD-25NOV0912,Crypto,settled,finalized,2025-11-09T17:00:00Z,0,0,yes,100
KXETHD-25NOV0912-T3179.99,KXETHD-25NOV0912,Crypto,settled,finalized,2025-11-09T17:00:00Z,0,0,yes,100
KXETHD-25NOV0912-T3159.99,KXETHD-25NOV0912,Crypto,settled,finalized,2025-11-09T17:00:00Z,0,0,yes,100
KXETHD-25NOV0912-T3139.99,KXETHD-25NOV0912,Crypto,settled,finalized,2025-11-09T17:00:00Z,0,0,yes,100
KXETHD-25NOV0912-T3119.99,KXETHD-25NOV0912,Crypto,settled,finalized,2025-11-09T17:00:00Z,0,0,yes,100
KXETHD-25NOV0912-T3099.99,KXETHD-25NOV0912,Crypto,settled,finalized,2025-11-09T17:00:00Z,0,0,yes,100
KXETHD-25NOV0912-T3079.99,KXETHD-25NOV0912,Crypto,settled,finalized,2025-11-09T17:00:00Z,0,0,yes,100
KXETHD-25NOV0912-T3059.99,KXETHD-25NOV0912,Crypto,settled,finalized,2025-11-09T17:00:00Z,0,0,yes,100
KXETHD-25NOV0912-T3039.99,KXETHD-25NOV0912,Crypto,settled,finalized,2025-11-09T17:00:00Z,0,0,yes,100
KXETHD-25NOV0912-T3019.99,KXETHD-25NOV0912,Crypto,settled,finalized,2025-11-09T17:00:00Z,0,0,yes,100
KXETHD-25NOV0912-T2999.99,KXETHD-25NOV0912,Crypto,settled,finalized,2025-11-09T17:00:00Z,0,0,yes,100
KXETHD-25NOV0912-T2979.99,KXETHD-25NOV0912,Crypto,settled,finalized,2025-11-09T17:00:00Z,0,0,yes,100
KXETHD-25NOV0912-T2959.99,KXETHD-25NOV0912,Crypto,settled,finalized,2025-11-09T17:00:00Z,0,0,yes,100
KXETHD-25NOV0912-T2939.99,KXETHD-25NOV0912,Crypto,settled,finalized,2025-11-09T17:00:00Z,0,0,yes,100
KXETHD-25NOV0912-T2919.99,KXETHD-25NOV0912,Crypto,settled,finalized,2025-11-09T17:00:00Z,0,0,yes,100
KXETHD-25NOV0912-T2899.99,KXETHD-25NOV0912,Crypto,settled,finalized,2025-11-09T17:00:00Z,0,0,yes,100
KXETHD-25NOV0912-T2879.99,KXETHD-25NOV0912,Crypto,settled,finalized,2025-11-09T17:00:00Z,0,0,yes,100
KXETHD-25NOV0912-T2859.99,KXETHD-25NOV0912,Crypto,settled,finalized,2025-11-09T17:00:00Z,0,0,yes,100
KXETHD-25NOV0912-T2839.99,KXETHD-25NOV0912,Crypto,settled,finalized,2025-11-09T17:00:00Z,0,0,yes,100
KXETHD-25NOV0912-T2819.99,KXETHD-25NOV0912,Crypto,settled,finalized,2025-11-09T17:00:00Z,0,0,yes,100
KXETHD-25NOV0912-T2799.99,KXETHD-25NOV0912,Crypto,settled,finalized,2025-11-09T17:00:00Z,0,0,yes,100
KXETHD-25NOV0912-T2779.99,KXETHD-25NOV0912,Crypto,settled,finalized,2025-11-09T17:00:00Z,0,0,yes,100
KXETHD-25NOV0912-T2759.99,KXETHD-25NOV0912,Crypto,settled,finalized,2025-11-09T17:00:00Z,0,0,yes,100
KXETHD-25NOV0912-T2739.99,KXETHD-25NOV0912,Crypto,settled,finalized,2025-11-09T17:00:00Z,0,0,yes,100
KXETHD-25NOV0912-T2719.99,KXETHD-25NOV0912,Crypto,settled,finalized,2025-11-09T17:00:00Z,0,0,yes,100
KXETHD-25NOV0912-T2699.99,KXETHD-25NOV0912,Crypto,settled,finalized,2025-11-09T17:00:00Z,0,0,yes,100
KXETHD-25NOV0912-T2679.99,KXETHD-25NOV0912,Crypto,settled,finalized,2025-11-09T17:00:00Z,0,0,yes,100
KXETHD-25NOV0912-T2659.99,KXETHD-25NOV0912,Crypto,settled,finalized,2025-11-09T17:00:00Z,0,0,yes,100
KXETHD-25NOV0911-T4139.99,KXETHD-25NOV0911,Crypto,settled,finalized,2025-11-09T16:00:00Z,0,0,no,0
KXETHD-25NOV0911-T4119.99,KXETHD-25NOV0911,Crypto,settled,finalized,2025-11-09T16:00:00Z,0,0,no,0
KXETHD-25NOV0911-T4099.99,KXETHD-25NOV0911,Crypto,settled,finalized,2025-11-09T16:00:00Z,0,0,no,0
KXETHD-25NOV0911-T4079.99,KXETHD-25NOV0911,Crypto,settled,finalized,2025-11-09T16:00:00Z,0,0,no,0
KXETHD-25NOV0911-T4059.99,KXETHD-25NOV0911,Crypto,settled,finalized,2025-11-09T16:00:00Z,0,0,no,0
KXETHD-25NOV0911-T4039.99,KXETHD-25NOV0911,Crypto,settled,finalized,2025-11-09T16:00:00Z,0,0,no,0
KXETHD-25NOV0911-T4019.99,KXETHD-25NOV0911,Crypto,settled,finalized,2025-11-09T16:00:00Z,0,0,no,0
KXETHD-25NOV0911-T3999.99,KXETHD-25NOV0911,Crypto,settled,finalized,2025-11-09T16:00:00Z,0,0,no,0
KXETHD-25NOV0911-T3979.99,KXETHD-25NOV0911,Crypto,settled,finalized,2025-11-09T16:00:00Z,0,0,no,0
KXETHD-25NOV0911-T3959.99,KXETHD-25NOV0911,Crypto,settled,finalized,2025-11-09T16:00:00Z,0,0,no,0
KXETHD-25NOV0911-T3939.99,KXETHD-25NOV0911,Crypto,settled,finalized,2025-11-09T16:00:00Z,0,0,no,0
KXETHD-25NOV0911-T3919.99,KXETHD-25NOV0911,Crypto,settled,finalized,2025-11-09T16:00:00Z,0,0,no,0
KXETHD-25NOV0911-T3899.99,KXETHD-25NOV0911,Crypto,settled,finalized,2025-11-09T16:00:00Z,0,0,no,0
KXETHD-25NOV0911-T3879.99,KXETHD-25NOV0911,Crypto,settled,finalized,2025-11-09T16:00:00Z,0,0,no,0
KXETHD-25NOV0911-T3859.99,KXETHD-25NOV0911,Crypto,settled,finalized,2025-11-09T16:00:00Z,0,0,no,0
KXETHD-25NOV0911-T3839.99,KXETHD-25NOV0911,Crypto,settled,finalized,2025-11-09T16:00:00Z,0,0,no,0
KXETHD-25NOV0911-T3819.99,KXETHD-25NOV0911,Crypto,settled,finalized,2025-11-09T16:00:00Z,0,0,no,0
KXETHD-25NOV0911-T3799.99,KXETHD-25NOV0911,Crypto,settled,finalized,2025-11-09T16:00:00Z,0,0,no,0
KXETHD-25NOV0911-T3779.99,KXETHD-25NOV0911,Crypto,settled,finalized,2025-11-09T16:00:00Z,0,0,no,0
KXETHD-25NOV0911-T3759.99,KXETHD-25NOV0911,Crypto,settled,finalized,2025-11-09T16:00:00Z,0,0,no,0
KXETHD-25NOV0911-T3739.99,KXETHD-25NOV0911,Crypto,settled,finalized,2025-11-09T16:00:00Z,0,0,no,0
KXETHD-25NOV0911-T3719.99,KXETHD-25NOV0911,Crypto,settled,finalized,2025-11-09T16:00:00Z,0,0,no,0
KXETHD-25NOV0911-T3699.99,KXETHD-25NOV0911,Crypto,settled,finalized,2025-11-09T16:00:00Z,0,0,no,0
KXETHD-25NOV0911-T3679.99,KXETHD-25NOV0911,Crypto,settled,finalized,2025-11-09T16:00:00Z,0,0,no,0
KXETHD-25NOV0911-T3659.99,KXETHD-25NOV0911,Crypto,settled,finalized,2025-11-09T16:00:00Z,0,0,no,0
KXETHD-25NOV0911-T3639.99,KXETHD-25NOV0911,Crypto,settled,finalized,2025-11-09T16:00:00Z,0,0,no,0
KXETHD-25NOV0911-T3619.99,KXETHD-25NOV0911,Crypto,settled,finalized,2025-11-09T16:00:00Z,0,0,no,0
KXETHD-25NOV0911-T3599.99,KXETHD-25NOV0911,Crypto,settled,finalized,2025-11-09T16:00:00Z,0,0,no,0
KXETHD-25NOV0911-T3579.99,KXETHD-25NOV0911,Crypto,settled,finalized,2025-11-09T16:00:00Z,0,0,no,0
KXETHD-25NOV0911-T3559.99,KXETHD-25NOV0911,Crypto,settled,finalized,2025-11-09T16:00:00Z,0,0,no,0
KXETHD-25NOV0911-T3479.99,KXETHD-25NOV0911,Crypto,settled,finalized,2025-11-09T16:00:00Z,0,0,yes,100
KXETHD-25NOV0911-T3459.99,KXETHD-25NOV0911,Crypto,settled,finalized,2025-11-09T16:00:00Z,0,0,yes,100
KXETHD-25NOV0911-T3439.99,KXETHD-25NOV0911,Crypto,settled,finalized,2025-11-09T16:00:00Z,0,0,yes,100
KXETHD-25NOV0911-T3419.99,KXETHD-25NOV0911,Crypto,settled,finalized,2025-11-09T16:00:00Z,0,0,yes,100
KXETHD-25NOV0911-T3399.99,KXETHD-25NOV0911,Crypto,settled,finalized,2025-11-09T16:00:00Z,0,0,yes,100
KXETHD-25NOV0911-T3379.99,KXETHD-25NOV0911,Crypto,settled,finalized,2025-11-09T16:00:00Z,0,0,yes,100
KXETHD-25NOV0911-T3359.99,KXETHD-25NOV0911,Crypto,settled,finalized,2025-11-09T16:00:00Z,0,0,yes,100
KXETHD-25NOV0911-T3339.99,KXETHD-25NOV0911,Crypto,settled,finalized,2025-11-09T16:00:00Z,0,0,yes,100
KXETHD-25NOV0911-T3319.99,KXETHD-25NOV0911,Crypto,settled,finalized,2025-11-09T16:00:00Z,0,0,yes,100
KXETHD-25NOV0911-T3299.99,KXETHD-25NOV0911,Crypto,settled,finalized,2025-11-09T16:00:00Z,0,0,yes,100
KXETHD-25NOV0911-T3279.99,KXETHD-25NOV0911,Crypto,settled,finalized,2025-11-09T16:00:00Z,0,0,yes,100
KXETHD-25NOV0911-T3259.99,KXETHD-25NOV0911,Crypto,settled,finalized,2025-11-09T16:00:00Z,0,0,yes,100
KXETHD-25NOV0911-T3239.99,KXETHD-25NOV0911,Crypto,settled,finalized,2025-11-09T16:00:00Z,0,0,yes,100
KXETHD-25NOV0911-T3219.99,KXETHD-25NOV0911,Crypto,settled,finalized,2025-11-09T16:00:00Z,0,0,yes,100
KXETHD-25NOV0911-T3199.99,KXETHD-25NOV0911,Crypto,settled,finalized,2025-11-09T16:00:00Z,0,0,yes,100
KXETHD-25NOV0911-T3179.99,KXETHD-25NOV0911,Crypto,settled,finalized,2025-11-09T16:00:00Z,0,0,yes,100
KXETHD-25NOV0911-T3159.99,KXETHD-25NOV0911,Crypto,settled,finalized,2025-11-09T16:00:00Z,0,0,yes,100
KXETHD-25NOV0911-T3139.99,KXETHD-25NOV0911,Crypto,settled,finalized,2025-11-09T16:00:00Z,0,0,yes,100
KXETHD-25NOV0911-T3119.99,KXETHD-25NOV0911,Crypto,settled,finalized,2025-11-09T16:00:00Z,0,0,yes,100
KXETHD-25NOV0911-T3099.99,KXETHD-25NOV0911,Crypto,settled,finalized,2025-11-09T16:00:00Z,0,0,yes,100
KXETHD-25NOV0911-T3079.99,KXETHD-25NOV0911,Crypto,settled,finalized,2025-11-09T16:00:00Z,0,0,yes,100
KXETHD-25NOV0911-T3059.99,KXETHD-25NOV0911,Crypto,settled,finalized,2025-11-09T16:00:00Z,0,0,yes,100
KXETHD-25NOV0911-T3039.99,KXETHD-25NOV0911,Crypto,settled,finalized,2025-11-09T16:00:00Z,0,0,yes,100
KXETHD-25NOV0911-T3019.99,KXETHD-25NOV0911,Crypto,settled,finalized,2025-11-09T16:00:00Z,0,0,yes,100
KXETHD-25NOV0911-T2999.99,KXETHD-25NOV0911,Crypto,settled,finalized,2025-11-09T16:00:00Z,0,0,yes,100
KXETHD-25NOV0911-T2979.99,KXETHD-25NOV0911,Crypto,settled,finalized,2025-11-09T16:00:00Z,0,0,yes,100
KXETHD-25NOV0911-T2959.99,KXETHD-25NOV0911,Crypto,settled,finalized,2025-11-09T16:00:00Z,0,0,yes,100
KXETHD-25NOV0911-T2939.99,KXETHD-25NOV0911,Crypto,settled,finalized,2025-11-09T16:00:00Z,0,0,yes,100
KXETHD-25NOV0911-T2919.99,KXETHD-25NOV0911,Crypto,settled,finalized,2025-11-09T16:00:00Z,0,0,yes,100
KXETHD-25NOV0911-T2899.99,KXETHD-25NOV0911,Crypto,settled,finalized,2025-11-09T16:00:00Z,0,0,yes,100
KXETHD-25NOV0911-T2879.99,KXETHD-25NOV0911,Crypto,settled,finalized,2025-11-09T16:00:00Z,0,0,yes,100
KXETHD-25NOV0911-T2859.99,KXETHD-25NOV0911,Crypto,settled,finalized,2025-11-09T16:00:00Z,0,0,yes,100
KXBTCD-25NOV0911-T103749.99,KXBTCD-25NOV0911,Crypto,settled,finalized,2025-11-09T16:00:00Z,45078,99,yes,100
KXBTCD-25NOV0913-T103499.99,KXBTCD-25NOV0913,Crypto,settled,finalized,2025-11-09T18:00:00Z,44649,99,yes,100
KXBTCD-25NOV0912-T103749.99,KXBTCD-25NOV0912,Crypto,settled,finalized,2025-11-09T17:00:00Z,33208,99,yes,100
KXBTCD-25NOV0913-T103749.99,KXBTCD-25NOV0913,Crypto,settled,finalized,2025-11-09T18:00:00Z,26864,1,no,0
KXBTCD-25NOV0910-T102999.99,KXBTCD-25NOV0910,Crypto,settled,finalized,2025-11-09T15:00:00Z,23742,1,no,0
KXBTCD-25NOV0910-T103249.99,KXBTCD-25NOV0910,Crypto,settled,finalized,2025-11-09T15:00:00Z,19837,1,no,0
KXBTCD-25NOV0912-T103499.99,KXBTCD-25NOV0912,Crypto,settled,finalized,2025-11-09T17:00:00Z,18948,98,yes,100
KXBTCD-25NOV0909-T102749.99,KXBTCD-25NOV0909,Crypto,settled,finalized,2025-11-09T14:00:00Z,18727,99,yes,100
KXBTCD-25NOV0910-T103499.99,KXBTCD-25NOV0910,Crypto,settled,finalized,2025-11-09T15:00:00Z,17537,2,no,0
KXBTCD-25NOV0911-T103999.99,KXBTCD-25NOV0911,Crypto,settled,finalized,2025-11-09T16:00:00Z,15587,2,no,0
KXBTCD-25NOV0910-T102749.99,KXBTCD-25NOV0910,Crypto,settled,finalized,2025-11-09T15:00:00Z,13309,63,yes,100
KXBTCD-25NOV0912-T103249.99,KXBTCD-25NOV0912,Crypto,settled,finalized,2025-11-09T17:00:00Z,12115,99,yes,100
KXBTCD-25NOV0912-T103999.99,KXBTCD-25NOV0912,Crypto,settled,finalized,2025-11-09T17:00:00Z,10087,1,no,0
KXBTCD-25NOV0909-T102499.99,KXBTCD-25NOV0909,Crypto,settled,finalized,2025-11-09T14:00:00Z,9561,97,yes,100
KXBTCD-25NOV0911-T103499.99,KXBTCD-25NOV0911,Crypto,settled,finalized,2025-11-09T16:00:00Z,9388,96,yes,100
KXBTCD-25NOV0910-T103749.99,KXBTCD-25NOV0910,Crypto,settled,finalized,2025-11-09T15:00:00Z,6683,5,no,0
KXBTC-25NOV0820-B101875,KXBTC-25NOV0820,Crypto,settled,finalized,2025-11-09T01:00:00Z,6667,99,yes,100
KXBTCD-25NOV0913-T103249.99,KXBTCD-25NOV0913,Crypto,settled,finalized,2025-11-09T18:00:00Z,6449,99,yes,100
KXBTCD-25NOV0911-T103249.99,KXBTCD-25NOV0911,Crypto,settled,finalized,2025-11-09T16:00:00Z,5971,98,yes,100
KXBTCD-25NOV0913-T103999.99,KXBTCD-25NOV0913,Crypto,settled,finalized,2025-11-09T18:00:00Z,5835,1,no,0
KXBTCD-25NOV0910-T103999.99,KXBTCD-25NOV0910,Crypto,settled,finalized,2025-11-09T15:00:00Z,5635,1,no,0
KXBTCD-25NOV0911-T104249.99,KXBTCD-25NOV0911,Crypto,settled,finalized,2025-11-09T16:00:00Z,5176,2,no,0
KXBTC-25NOV0821-B101875,KXBTC-25NOV0821,Crypto,settled,finalized,2025-11-09T02:00:00Z,5128,1,no,0
KXBTCD-25NOV0909-T103249.99,KXBTCD-25NOV0909,Crypto,settled,finalized,2025-11-09T14:00:00Z,4970,1,no,0
KXBTC-25NOV0823-B101625,KXBTC-25NOV0823,Crypto,settled,finalized,2025-11-09T04:00:00Z,4204,99,yes,100
KXBTC-25NOV0910-B102875,KXBTC-25NOV0910,Crypto,settled,finalized,2025-11-09T15:00:00Z,3955,96,yes,100
KXBTC-25NOV0822-B101875,KXBTC-25NOV0822,Crypto,settled,finalized,2025-11-09T03:00:00Z,3793,6,no,0
KXBTCD-25NOV0910-T102249.99,KXBTCD-25NOV0910,Crypto,settled,finalized,2025-11-09T15:00:00Z,3792,98,yes,100
KXBTCD-25NOV0913-T104249.99,KXBTCD-25NOV0913,Crypto,settled,finalized,2025-11-09T18:00:00Z,3771,1,no,0
KXBTCD-25NOV0909-T102999.99,KXBTCD-25NOV0909,Crypto,settled,finalized,2025-11-09T14:00:00Z,3665,7,no,0
KXBTCD-25NOV0911-T102999.99,KXBTCD-25NOV0911,Crypto,settled,finalized,2025-11-09T16:00:00Z,3589,99,yes,100
KXBTCD-25NOV0909-T102249.99,KXBTCD-25NOV0909,Crypto,settled,finalized,2025-11-09T14:00:00Z,3354,98,yes,100
KXBTC-25NOV0821-B102125,KXBTC-25NOV0821,Crypto,settled,finalized,2025-11-09T02:00:00Z,3291,99,yes,100
KXBTC-25NOV0823-B101375,KXBTC-25NOV0823,Crypto,settled,finalized,2025-11-09T04:00:00Z,3250,1,no,0
KXBTCD-25NOV0910-T102499.99,KXBTCD-25NOV0910,Crypto,settled,finalized,2025-11-09T15:00:00Z,3157,98,yes,100
KXBTC-25NOV0910-B103375,KXBTC-25NOV0910,Crypto,settled,finalized,2025-11-09T15:00:00Z,2702,3,no,0
KXBTC-25NOV0911-B103875,KXBTC-25NOV0911,Crypto,settled,finalized,2025-11-09T16:00:00Z,2697,96,yes,100
KXBTC-25NOV0912-B103875,KXBTC-25NOV0912,Crypto,settled,finalized,2025-11-09T17:00:00Z,2635,98,yes,100
KXXRPD-25NOV0821-T2.2799,KXXRPD-25NOV0821,Crypto,settled,finalized,2025-11-09T02:00:00Z,2614,98,yes,100
KXBTC-25NOV0900-B101875,KXBTC-25NOV0900,Crypto,settled,finalized,2025-11-09T05:00:00Z,2243,3,no,0
KXBTC-25NOV0910-B102625,KXBTC-25NOV0910,Crypto,settled,finalized,2025-11-09T15:00:00Z,2227,9,no,0
KXBTC-25NOV0913-B103875,KXBTC-25NOV0913,Crypto,settled,finalized,2025-11-09T18:00:00Z,2223,1,no,0
KXBTCD-25NOV0912-T102999.99,KXBTCD-25NOV0912,Crypto,settled,finalized,2025-11-09T17:00:00Z,1976,99,yes,100
KXBTC-25NOV0909-B102625,KXBTC-25NOV0909,Crypto,settled,finalized,2025-11-09T14:00:00Z,1965,1,no,0
KXBTC-25NOV0910-B103125,KXBTC-25NOV0910,Crypto,settled,finalized,2025-11-09T15:00:00Z,1942,6,no,0
KXBTC-25NOV0822-B101625,KXBTC-25NOV0822,Crypto,settled,finalized,2025-11-09T03:00:00Z,1914,97,yes,100
KXXRPD-25NOV0817-T2.2799,KXXRPD-25NOV0817,Crypto,settled,finalized,2025-11-08T22:00:00Z,1913,80,yes,100
KXBTCD-25NOV0912-T104499.99,KXBTCD-25NOV0912,Crypto,settled,finalized,2025-11-09T17:00:00Z,1813,2,no,0
KXXRPD-25NOV0822-T2.2799,KXXRPD-25NOV0822,Crypto,settled,finalized,2025-11-09T03:00:00Z,1799,21,no,0
KXXRPD-25NOV0820-T2.2799,KXXRPD-25NOV0820,Crypto,settled,finalized,2025-11-09T01:00:00Z,1748,60,no,0
KXBTC-25NOV0911-B103625,KXBTC-25NOV0911,Crypto,settled,finalized,2025-11-09T16:00:00Z,1745,1,no,0
KXBTC-25NOV0913-B103625,KXBTC-25NOV0913,Crypto,settled,finalized,2025-11-09T18:00:00Z,1673,99,yes,100
KXBTC-25NOV0820-B102125,KXBTC-25NOV0820,Crypto,settled,finalized,2025-11-09T01:00:00Z,1628,1,no,0
KXBTCD-25NOV0910-T104249.99,KXBTCD-25NOV0910,Crypto,settled,finalized,2025-11-09T15:00:00Z,1609,44,no,0
KXBTC-25NOV0900-B101625,KXBTC-25NOV0900,Crypto,settled,finalized,2025-11-09T05:00:00Z,1581,96,yes,100
KXXRPD-25NOV0817-T2.2399,KXXRPD-25NOV0817,Crypto,settled,finalized,2025-11-08T22:00:00Z,1531,99,yes,100
KXXRPD-25NOV0817-T2.2599,KXXRPD-25NOV0817,Crypto,settled,finalized,2025-11-08T22:00:00Z,1501,86,yes,100
KXXRP-25NOV0817-T2.4799,KXXRP-25NOV0817,Crypto,settled,finalized,2025-11-08T22:00:00Z,1500,9,no,0
KXXRPD-25NOV0817-T2.1799,KXXRPD-25NOV0817,Crypto,settled,finalized,2025-11-08T22:00:00Z,1500,89,yes,100
KXXRPD-25NOV0817-T2.1999,KXXRPD-25NOV0817,Crypto,settled,finalized,2025-11-08T22:00:00Z,1500,87,yes,100
KXXRPD-25NOV0817-T2.2199,KXXRPD-25NOV0817,Crypto,settled,finalized,2025-11-08T22:00:00Z,1500,83,yes,100
KXXRPD-25NOV0817-T2.3799,KXXRPD-25NOV0817,Crypto,settled,finalized,2025-11-08T22:00:00Z,1500,24,no,0
KXXRPD-25NOV0817-T2.3999,KXXRPD-25NOV0817,Crypto,settled,finalized,2025-11-08T22:00:00Z,1500,22,no,0
KXXRPD-25NOV0817-T2.4199,KXXRPD-25NOV0817,Crypto,settled,finalized,2025-11-08T22:00:00Z,1500,16,no,0
KXXRPD-25NOV0817-T2.4399,KXXRPD-25NOV0817,Crypto,settled,finalized,2025-11-08T22:00:00Z,1500,12,no,0
KXXRPD-25NOV0817-T2.4599,KXXRPD-25NOV0817,Crypto,settled,finalized,2025-11-08T22:00:00Z,1500,10,no,0
KXXRPD-25NOV0817-T2.4799,KXXRPD-25NOV0817,Crypto,settled,finalized,2025-11-08T22:00:00Z,1500,8,no,0
KXBTC-25NOV0820-B101625,KXBTC-25NOV0820,Crypto,settled,finalized,2025-11-09T01:00:00Z,1474,94,no,0
KXBTCD-25NOV0909-T101999.99,KXBTCD-25NOV0909,Crypto,settled,finalized,2025-11-09T14:00:00Z,1420,99,yes,100
KXBTC-25NOV0909-B102875,KXBTC-25NOV0909,Crypto,settled,finalized,2025-11-09T14:00:00Z,1412,99,yes,100
KXXRPD-25NOV0823-T2.2599,KXXRPD-25NOV0823,Crypto,settled,finalized,2025-11-09T04:00:00Z,1400,25,no,0
KXBTC-25NOV0822-B102125,KXBTC-25NOV0822,Crypto,settled,finalized,2025-11-09T03:00:00Z,1321,1,no,0
KXBTC-25NOV0820-B102375,KXBTC-25NOV0820,Crypto,settled,finalized,2025-11-09T01:00:00Z,1304,4,no,0
KXBTCD-25NOV0911-T104499.99,KXBTCD-25NOV0911,Crypto,settled,finalized,2025-11-09T16:00:00Z,1285,1,no,0
KXETHD-25NOV0912-T3519.99,KXETHD-25NOV0912,Crypto,settled,finalized,2025-11-09T17:00:00Z,1264,90,yes,100
KXBTCD-25NOV0910-T101999.99,KXBTCD-25NOV0910,Crypto,settled,finalized,2025-11-09T15:00:00Z,1200,95,yes,100
KXBTC-25NOV0821-B102375,KXBTC-25NOV0821,Crypto,settled,finalized,2025-11-09T02:00:00Z,1199,2,no,0
KXBTC-25NOV0909-B102375,KXBTC-25NOV0909,Crypto,settled,finalized,2025-11-09T14:00:00Z,1191,6,no,0
KXBTCD-25NOV0911-T102499.99,KXBTCD-25NOV0911,Crypto,settled,finalized,2025-11-09T16:00:00Z,1184,98,yes,100
KXXRPD-25NOV0817-T2.2999,KXXRPD-25NOV0817,Crypto,settled,finalized,2025-11-08T22:00:00Z,1162,1,no,0
KXBTC-25NOV0912-B103625,KXBTC-25NOV0912,Crypto,settled,finalized,2025-11-09T17:00:00Z,1156,68,no,0
KXXRPD-25NOV0822-T2.2599,KXXRPD-25NOV0822,Crypto,settled,finalized,2025-11-09T03:00:00Z,1133,59,no,0
KXBTC-25NOV0913-B103375,KXBTC-25NOV0913,Crypto,settled,finalized,2025-11-09T18:00:00Z,1092,3,no,0
KXDOGE-25NOV0911-B0.177,KXDOGE-25NOV0911,Crypto,settled,finalized,2025-11-09T16:00:00Z,1060,89,yes,100
KXBTCD-25NOV0910-T104499.99,KXBTCD-25NOV0910,Crypto,settled,finalized,2025-11-09T15:00:00Z,1047,9,no,0
KXBTCD-25NOV0909-T101499.99,KXBTCD-25NOV0909,Crypto,settled,finalized,2025-11-09T14:00:00Z,1040,96,yes,100
KXXRPD-25NOV0817-T2.3599,KXXRPD-25NOV0817,Crypto,settled,finalized,2025-11-08T22:00:00Z,1001,19,no,0
KXXRPD-25NOV0817-T2.1599,KXXRPD-25NOV0817,Crypto,settled,finalized,2025-11-08T22:00:00Z,1000,91,yes,100
KXBTC-25NOV0910-B103875,KXBTC-25NOV0910,Crypto,settled,finalized,2025-11-09T15:00:00Z,987,4,no,0
KXBTC-25NOV0911-B104125,KXBTC-25NOV0911,Crypto,settled,finalized,2025-11-09T16:00:00Z,972,12,no,0
KXBTC-25NOV0912-B103375,KXBTC-25NOV0912,Crypto,settled,finalized,2025-11-09T17:00:00Z,971,3,no,0
KXXRPD-25NOV0818-T2.2799,KXXRPD-25NOV0818,Crypto,settled,finalized,2025-11-08T23:00:00Z,966,99,yes,100
KXBTC-25NOV0912-B102875,KXBTC-25NOV0912,Crypto,settled,finalized,2025-11-09T17:00:00Z,955,11,no,0
KXBTC-25NOV0823-B101125,KXBTC-25NOV0823,Crypto,settled,finalized,2025-11-09T04:00:00Z,900,2,no,0
KXBTC-25NOV0823-B101875,KXBTC-25NOV0823,Crypto,settled,finalized,2025-11-09T04:00:00Z,877,8,no,0
KXBTCD-25NOV0912-T104749.99,KXBTCD-25NOV0912,Crypto,settled,finalized,2025-11-09T17:00:00Z,873,1,no,0
KXXRP-25NOV0822-B2.2699500,KXXRP-25NOV0822,Crypto,settled,finalized,2025-11-09T03:00:00Z,870,67,no,0
KXDOGED-25NOV0810-T0.1749999,KXDOGED-25NOV0810,Crypto,settled,finalized,2025-11-08T15:00:00Z,855,43,yes,100
KXETHD-25NOV0911-T3539.99,KXETHD-25NOV0911,Crypto,settled,finalized,2025-11-09T16:00:00Z,828,2,no,0
KXBTC-25NOV0910-B103625,KXBTC-25NOV0910,Crypto,settled,finalized,2025-11-09T15:00:00Z,827,2,no,0
KXBTCD-25NOV0913-T102999.99,KXBTCD-25NOV0913,Crypto,settled,finalized,2025-11-09T18:00:00Z,825,99,yes,100
KXBTC-25NOV0821-B101625,KXBTC-25NOV0821,Crypto,settled,finalized,2025-11-09T02:00:00Z,802,1,no,0
KXBTC-25NOV0912-B104125,KXBTC-25NOV0912,Crypto,settled,finalized,2025-11-09T17:00:00Z,801,2,no,0
KXETHD-25NOV0911-T3519.99,KXETHD-25NOV0911,Crypto,settled,finalized,2025-11-09T16:00:00Z,796,98,no,0
KXDOGED-25NOV0817-T0.1749999,KXDOGED-25NOV0817,Crypto,settled,finalized,2025-11-08T22:00:00Z,775,67,yes,100
KXBTC-25NOV0913-B103125,KXBTC-25NOV0913,Crypto,settled,finalized,2025-11-09T18:00:00Z,764,5,no,0
KXBTC-25NOV0900-B102125,KXBTC-25NOV0900,Crypto,settled,finalized,2025-11-09T05:00:00Z,758,1,no,0
KXBTC-25NOV0913-B104375,KXBTC-25NOV0913,Crypto,settled,finalized,2025-11-09T18:00:00Z,706,1,no,0
KXXRP-25NOV0820-B2.2699500,KXXRP-25NOV0820,Crypto,settled,finalized,2025-11-09T01:00:00Z,652,43,yes,100
KXETHD-25NOV0912-T3499.99,KXETHD-25NOV0912,Crypto,settled,finalized,2025-11-09T17:00:00Z,647,98,yes,100
KXETH-25NOV0913-B3510,KXETH-25NOV0913,Crypto,settled,finalized,2025-11-09T18:00:00Z,628,99,yes,100
KXBTCD-25NOV0913-T104749.99,KXBTCD-25NOV0913,Crypto,settled,finalized,2025-11-09T18:00:00Z,610,2,no,0
KXDOGED-25NOV0822-T0.1749999,KXDOGED-25NOV0822,Crypto,settled,finalized,2025-11-09T03:00:00Z,600,20,no,0
KXXRP-25NOV0815-B2.2499500,KXXRP-25NOV0815,Crypto,settled,finalized,2025-11-08T20:00:00Z,600,50,no,0
KXXRPD-25NOV0823-T2.2799,KXXRPD-25NOV0823,Crypto,settled,finalized,2025-11-09T04:00:00Z,600,8,no,0
KXXRPD-25NOV0909-T2.2799,KXXRPD-25NOV0909,Crypto,settled,finalized,2025-11-09T14:00:00Z,599,69,no,0
KXBTC-25NOV0911-B103375,KXBTC-25NOV0911,Crypto,settled,finalized,2025-11-09T16:00:00Z,596,3,no,0
KXDOGED-25NOV0817-T0.1799999,KXDOGED-25NOV0817,Crypto,settled,finalized,2025-11-08T22:00:00Z,587,25,no,0
KXBTCD-25NOV0912-T104249.99,KXBTCD-25NOV0912,Crypto,settled,finalized,2025-11-09T17:00:00Z,575,2,no,0
KXDOGED-25NOV0820-T0.1749999,KXDOGED-25NOV0820,Crypto,settled,finalized,2025-11-09T01:00:00Z,571,68,no,0
KXBTC-25NOV0911-B103125,KXBTC-25NOV0911,Crypto,settled,finalized,2025-11-09T16:00:00Z,567,2,no,0
KXBTCD-25NOV0913-T104999.99,KXBTCD-25NOV0913,Crypto,settled,finalized,2025-11-09T18:00:00Z,563,1,no,0
KXBTCD-25NOV0911-T104749.99,KXBTCD-25NOV0911,Crypto,settled,finalized,2025-11-09T16:00:00Z,536,1,no,0
KXXRP-25NOV0909-B2.2899500,KXXRP-25NOV0909,Crypto,settled,finalized,2025-11-09T14:00:00Z,534,58,no,0
KXXRPD-25NOV0823-T2.2399,KXXRPD-25NOV0823,Crypto,settled,finalized,2025-11-09T04:00:00Z,533,87,yes,100
KXBTCD-25NOV0911-T102749.99,KXBTCD-25NOV0911,Crypto,settled,finalized,2025-11-09T16:00:00Z,522,98,yes,100
KXDOGE-25NOV0822-B0.177,KXDOGE-25NOV0822,Crypto,settled,finalized,2025-11-09T03:00:00Z,498,23,no,0
KXSHIBAD-25NOV0817-T0.000009999,KXSHIBAD-25NOV0817,Crypto,settled,finalized,2025-11-08T22:00:00Z,489,5,no,0
KXETHD-25NOV0910-T3459.99,KXETHD-25NOV0910,Crypto,settled,finalized,2025-11-09T15:00:00Z,477,55,yes,100
KXXRP-25NOV0817-B2.2699500,KXXRP-25NOV0817,Crypto,settled,finalized,2025-11-08T22:00:00Z,476,23,no,0
KXXRP-25NOV0818-B2.2899500,KXXRP-25NOV0818,Crypto,settled,finalized,2025-11-08T23:00:00Z,460,50,yes,100
KXXRPD-25NOV0819-T2.2799,KXXRPD-25NOV0819,Crypto,settled,finalized,2025-11-09T00:00:00Z,458,91,yes,100
KXETHD-25NOV0913-T3499.99,KXETHD-25NOV0913,Crypto,settled,finalized,2025-11-09T18:00:00Z,450,99,yes,100
KXBTC-25NOV0911-B102875,KXBTC-25NOV0911,Crypto,settled,finalized,2025-11-09T16:00:00Z,443,1,no,0
KXETHD-25NOV0910-T3539.99,KXETHD-25NOV0910,Crypto,settled,finalized,2025-11-09T15:00:00Z,434,1,no,0
KXXRP-25NOV0816-B2.2899500,KXXRP-25NOV0816,Crypto,settled,finalized,2025-11-08T21:00:00Z,409,96,no,0
KXXRP-25NOV0822-B2.2499500,KXXRP-25NOV0822,Crypto,settled,finalized,2025-11-09T03:00:00Z,404,8,yes,100
KXBTCD-25NOV0913-T102499.99,KXBTCD-25NOV0913,Crypto,settled,finalized,2025-11-09T18:00:00Z,400,99,yes,100
KXBTCD-25NOV0913-T102749.99,KXBTCD-25NOV0913,Crypto,settled,finalized,2025-11-09T18:00:00Z,400,99,yes,100
KXBTC-25NOV0909-B103375,KXBTC-25NOV0909,Crypto,settled,finalized,2025-11-09T14:00:00Z,400,2,no,0
KXXRP-25NOV0817-B2.3499500,KXXRP-25NOV0817,Crypto,settled,finalized,2025-11-08T22:00:00Z,396,23,no,0
KXBTC-25NOV0822-B101375,KXBTC-25NOV0822,Crypto,settled,finalized,2025-11-09T03:00:00Z,389,2,no,0
KXETHD-25NOV0913-T3519.99,KXETHD-25NOV0913,Crypto,settled,finalized,2025-11-09T18:00:00Z,385,1,no,0
KXXRPD-25NOV0900-T2.2599,KXXRPD-25NOV0900,Crypto,settled,finalized,2025-11-09T05:00:00Z,370,28,yes,100
KXBTCD-25NOV0912-T102499.99,KXBTCD-25NOV0912,Crypto,settled,finalized,2025-11-09T17:00:00Z,367,99,yes,100
KXDOGED-25NOV0911-T0.1799999,KXDOGED-25NOV0911,Crypto,settled,finalized,2025-11-09T16:00:00Z,361,17,no,0
KXETHD-25NOV0910-T3519.99,KXETHD-25NOV0910,Crypto,settled,finalized,2025-11-09T15:00:00Z,339,70,no,0
KXETHD-25NOV0910-T3479.99,KXETHD-25NOV0910,Crypto,settled,finalized,2025-11-09T15:00:00Z,331,61,yes,100
KXXRP-25NOV0817-B2.3299500,KXXRP-25NOV0817,Crypto,settled,finalized,2025-11-08T22:00:00Z,329,26,no,0
KXBTCD-25NOV0913-T104499.99,KXBTCD-25NOV0913,Crypto,settled,finalized,2025-11-09T18:00:00Z,327,1,no,0
KXXRPD-25NOV0815-T2.2599,KXXRPD-25NOV0815,Crypto,settled,finalized,2025-11-08T20:00:00Z,326,94,yes,100
KXBTC-25NOV0912-B103125,KXBTC-25NOV0912,Crypto,settled,finalized,2025-11-09T17:00:00Z,322,32,no,0
KXBTC-25NOV0822-B102375,KXBTC-25NOV0822,Crypto,settled,finalized,2025-11-09T03:00:00Z,320,8,no,0
KXDOGE-25NOV0822-B0.172,KXDOGE-25NOV0822,Crypto,settled,finalized,2025-11-09T03:00:00Z,306,77,yes,100
KXBTC-25NOV0913-B104125,KXBTC-25NOV0913,Crypto,settled,finalized,2025-11-09T18:00:00Z,304,8,no,0
KXDOGE-25NOV0817-B0.172,KXDOGE-25NOV0817,Crypto,settled,finalized,2025-11-08T22:00:00Z,302,24,no,0
KXXRP-25NOV0810-B2.2499500,KXXRP-25NOV0810,Crypto,settled,finalized,2025-11-08T15:00:00Z,300,15,no,0
KXXRPD-25NOV0810-T2.2599,KXXRPD-25NOV0810,Crypto,settled,finalized,2025-11-08T15:00:00Z,300,91,yes,100
KXETH-25NOV0910-B3470,KXETH-25NOV0910,Crypto,settled,finalized,2025-11-09T15:00:00Z,300,44,no,0
KXBTCD-25NOV0912-T104999.99,KXBTCD-25NOV0912,Crypto,settled,finalized,2025-11-09T17:00:00Z,300,1,no,0
KXBTC-25NOV0913-B104625,KXBTC-25NOV0913,Crypto,settled,finalized,2025-11-09T18:00:00Z,300,1,no,0
KXBTC-25NOV0913-B104875,KXBTC-25NOV0913,Crypto,settled,finalized,2025-11-09T18:00:00Z,300,1,no,0
KXBTC-25NOV0913-B105125,KXBTC-25NOV0913,Crypto,settled,finalized,2025-11-09T18:00:00Z,300,1,no,0
KXXRP-25NOV0910-B2.2899500,KXXRP-25NOV0910,Crypto,settled,finalized,2025-11-09T15:00:00Z,294,12,yes,100
KXBTC-25NOV0820-B102625,KXBTC-25NOV0820,Crypto,settled,finalized,2025-11-09T01:00:00Z,290,2,no,0
KXDOGED-25NOV0817-T0.1849999,KXDOGED-25NOV0817,Crypto,settled,finalized,2025-11-08T22:00:00Z,287,26,no,0
KXBTC-25NOV0911-B104375,KXBTC-25NOV0911,Crypto,settled,finalized,2025-11-09T16:00:00Z,287,3,no,0
KXBTCD-25NOV0909-T101749.99,KXBTCD-25NOV0909,Crypto,settled,finalized,2025-11-09T14:00:00Z,272,93,yes,100
KXXRPD-25NOV0816-T2.2799,KXXRPD-25NOV0816,Crypto,settled,finalized,2025-11-08T21:00:00Z,271,25,no,0
KXXRPD-25NOV0913-T2.2999,KXXRPD-25NOV0913,Crypto,closed,determined,2025-11-09T18:00:00Z,267,85,yes,100
KXETH-25NOV0912-B3530,KXETH-25NOV0912,Crypto,settled,finalized,2025-11-09T17:00:00Z,265,99,yes,100
KXXRPD-25NOV0910-T2.3199,KXXRPD-25NOV0910,Crypto,settled,finalized,2025-11-09T15:00:00Z,263,7,no,0
KXETH-25NOV0911-B3530,KXETH-25NOV0911,Crypto,settled,finalized,2025-11-09T16:00:00Z,252,79,no,0
KXXRP-25NOV0818-B2.2699500,KXXRP-25NOV0818,Crypto,settled,finalized,2025-11-08T23:00:00Z,247,24,no,0
KXBTC-25NOV0909-B101875,KXBTC-25NOV0909,Crypto,settled,finalized,2025-11-09T14:00:00Z,243,22,no,0
KXXRP-25NOV0812-B2.2499500,KXXRP-25NOV0812,Crypto,settled,finalized,2025-11-08T17:00:00Z,240,30,no,0
KXXRP-25NOV0817-B2.3699500,KXXRP-25NOV0817,Crypto,settled,finalized,2025-11-08T22:00:00Z,234,19,no,0
KXDOGE-25NOV0814-B0.172,KXDOGE-25NOV0814,Crypto,settled,finalized,2025-11-08T19:00:00Z,226,63,no,0
KXXRP-25NOV0821-B2.2699500,KXXRP-25NOV0821,Crypto,settled,finalized,2025-11-09T02:00:00Z,222,58,no,0
KXXRP-25NOV0910-B2.3499500,KXXRP-25NOV0910,Crypto,settled,finalized,2025-11-09T15:00:00Z,222,17,no,0
KXBTCD-25NOV0912-T102749.99,KXBTCD-25NOV0912,Crypto,settled,finalized,2025-11-09T17:00:00Z,221,99,yes,100
KXBTC-25NOV0823-B100875,KXBTC-25NOV0823,Crypto,settled,finalized,2025-11-09T04:00:00Z,218,19,no,0
KXBTCD-25NOV0911-T102249.99,KXBTCD-25NOV0911,Crypto,settled,finalized,2025-11-09T16:00:00Z,218,95,yes,100
KXXRPD-25NOV0812-T2.2799,KXXRPD-25NOV0812,Crypto,settled,finalized,2025-11-08T17:00:00Z,217,13,no,0
KXBTC-25NOV0909-B102125,KXBTC-25NOV0909,Crypto,settled,finalized,2025-11-09T14:00:00Z,216,3,no,0
KXETHD-25NOV0913-T3539.99,KXETHD-25NOV0913,Crypto,settled,finalized,2025-11-09T18:00:00Z,212,2,no,0
KXBTC-25NOV0900-B101375,KXBTC-25NOV0900,Crypto,settled,finalized,2025-11-09T05:00:00Z,200,2,no,0
KXXRP-25NOV0823-B2.2499500,KXXRP-25NOV0823,Crypto,settled,finalized,2025-11-09T04:00:00Z,200,52,yes,100
KXETH-25NOV0910-B3570,KXETH-25NOV0910,Crypto,settled,finalized,2025-11-09T15:00:00Z,200,18,no,0
KXBTC-25NOV0910-B104125,KXBTC-25NOV0910,Crypto,settled,finalized,2025-11-09T15:00:00Z,200,3,no,0
KXBTC-25NOV0912-B104375,KXBTC-25NOV0912,Crypto,settled,finalized,2025-11-09T17:00:00Z,200,1,no,0
KXBTC-25NOV0912-B104625,KXBTC-25NOV0912,Crypto,settled,finalized,2025-11-09T17:00:00Z,200,1,no,0
KXBTC-25NOV0913-B102875,KXBTC-25NOV0913,Crypto,settled,finalized,2025-11-09T18:00:00Z,200,1,no,0
KXDOGED-25NOV0911-T0.1749999,KXDOGED-25NOV0911,Crypto,settled,finalized,2025-11-09T16:00:00Z,200,99,yes,100
KXDOGED-25NOV0814-T0.1749999,KXDOGED-25NOV0814,Crypto,settled,finalized,2025-11-08T19:00:00Z,195,58,yes,100
KXXRP-25NOV0817-B2.2899500,KXXRP-25NOV0817,Crypto,settled,finalized,2025-11-08T22:00:00Z,165,81,yes,100
KXXRP-25NOV0910-B2.3099500,KXXRP-25NOV0910,Crypto,settled,finalized,2025-11-09T15:00:00Z,163,62,no,0
KXDOGE-25NOV0816-B0.172,KXDOGE-25NOV0816,Crypto,settled,finalized,2025-11-08T21:00:00Z,158,41,no,0
KXXRP-25NOV0910-B2.2699500,KXXRP-25NOV0910,Crypto,settled,finalized,2025-11-09T15:00:00Z,155,8,no,0
KXBTC-25NOV0823-B102125,KXBTC-25NOV0823,Crypto,settled,finalized,2025-11-09T04:00:00Z,151,4,no,0
