ticker,event_ticker,status,close_time,volume,title,category,series_ticker,event_time
KXTRUMPMENTION-25NOV07-NEW,KXTRUMPMENTION-25NOV07,settled,2025-11-05T21:11:28.488701Z,4335,What will Trump say during the America Business Forum?,Mentions,KXTRUMPMENTION,2025-11-05T21:11:28.488701Z
KXTRUMPMENTIONB-25NOV06-COMM,KXTRUMPMENTIONB-25NOV06,settled,2025-11-06T01:51:47.503473Z,4008,What will Trump say during his interview on Fox?,Mentions,KXTRUMPMENTIONB,2025-11-06T01:51:47.503473Z
KXMAMDANIMENTION-25NOV06-SOCI,KXMAMDANIMENTION-25NOV06,settled,2025-11-05T20:33:22.166815Z,2491,What will Mamdani say during the press conference?,Mentions,KXMAMDANIMENTION,2025-11-05T20:44:44.61794Z
KXMAMDANIMENTION-25NOV06-VICT,KXMAMDANIMENTION-25NOV06,settled,2025-11-05T20:34:02.502155Z,2254,What will Mamdani say during the press conference?,Mentions,KXMAMDANIMENTION,2025-11-05T20:44:44.61794Z
KXMAMDANIMENTION-25NOV06-TRUM,KXMAMDANIMENTION-25NOV06,settled,2025-11-05T20:34:35.720843Z,2247,What will Mamdani say during the press conference?,Mentions,KXMAMDANIMENTION,2025-11-05T20:44:44.61794Z
KXMAMDANIMENTION-25NOV06-QUEE,KXMAMDANIMENTION-25NOV06,settled,2025-11-05T20:39:48.872506Z,1800,What will Mamdani say during the press conference?,Mentions,KXMAMDANIMENTION,2025-11-05T20:44:44.61794Z
KXMAMDANIMENTION-25NOV06-NYPD,KXMAMDANIMENTION-25NOV06,settled,2025-11-05T20:35:30.633387Z,7310,What will Mamdani say during the press conference?,Mentions,KXMAMDANIMENTION,2025-11-05T20:44:44.61794Z
KXMAMDANIMENTION-25NOV06-MUSL,KXMAMDANIMENTION-25NOV06,settled,2025-11-05T20:35:07.919953Z,2092,What will Mamdani say during the press conference?,Mentions,KXMAMDANIMENTION,2025-11-05T20:44:44.61794Z
KXMAMDANIMENTION-25NOV06-KATH,KXMAMDANIMENTION-25NOV06,settled,2025-11-05T20:40:35.619032Z,1999,What will Mamdani say during the press conference?,Mentions,KXMAMDANIMENTION,2025-11-05T20:44:44.61794Z
KXMAMDANIMENTION-25NOV06-ISLA,KXMAMDANIMENTION-25NOV06,settled,2025-11-05T20:34:51.99251Z,1162,What will Mamdani say during the press conference?,Mentions,KXMAMDANIMENTION,2025-11-05T20:44:44.61794Z
KXMAMDANIMENTION-25NOV06-INEQ,KXMAMDANIMENTION-25NOV06,settled,2025-11-05T20:39:15.300691Z,2639,What will Mamdani say during the press conference?,Mentions,KXMAMDANIMENTION,2025-11-05T20:44:44.61794Z
KXMAMDANIMENTION-25NOV06-GROC,KXMAMDANIMENTION-25NOV06,settled,2025-11-05T20:38:26.93089Z,1892,What will Mamdani say during the press conference?,Mentions,KXMAMDANIMENTION,2025-11-05T20:44:44.61794Z
KXMAMDANIMENTION-25NOV06-FREE,KXMAMDANIMENTION-25NOV06,settled,2025-11-05T20:43:52.801167Z,2021,What will Mamdani say during the press conference?,Mentions,KXMAMDANIMENTION,2025-11-05T20:44:44.61794Z
KXMAMDANIMENTION-25NOV06-FIVE,KXMAMDANIMENTION-25NOV06,settled,2025-11-05T20:36:18.297466Z,1821,What will Mamdani say during the press conference?,Mentions,KXMAMDANIMENTION,2025-11-05T20:44:44.61794Z
KXMAMDANIMENTION-25NOV06-DOUB,KXMAMDANIMENTION-25NOV06,settled,2025-11-05T20:38:55.488019Z,2441,What will Mamdani say during the press conference?,Mentions,KXMAMDANIMENTION,2025-11-05T20:44:44.61794Z
KXMAMDANIMENTION-25NOV06-CUOM,KXMAMDANIMENTION-25NOV06,settled,2025-11-05T20:43:28.942597Z,6342,What will Mamdani say during the press conference?,Mentions,KXMAMDANIMENTION,2025-11-05T20:44:44.61794Z
KXMAMDANIMENTION-25NOV06-BILL,KXMAMDANIMENTION-25NOV06,settled,2025-11-05T20:36:48.397626Z,1743,What will Mamdani say during the press conference?,Mentions,KXMAMDANIMENTION,2025-11-05T20:44:44.61794Z
KXMAMDANIMENTION-25NOV06-BERN,KXMAMDANIMENTION-25NOV06,settled,2025-11-05T20:40:12.18165Z,1076,What will Mamdani say during the press conference?,Mentions,KXMAMDANIMENTION,2025-11-05T20:44:44.61794Z
KXMAMDANIMENTION-25NOV06-ADAM,KXMAMDANIMENTION-25NOV06,settled,2025-11-05T20:44:44.61794Z,2030,What will Mamdani say during the press conference?,Mentions,KXMAMDANIMENTION,2025-11-05T20:44:44.61794Z
KXWTAMATCH-25NOV05RYBALE-RYB,KXWTAMATCH-25NOV05RYBALE,settled,2025-11-05T15:31:02.651018Z,48343,Rybakina vs Alexandrova,Sports,KXWTAMATCH,2025-11-05T15:31:02.651018Z
KXWTAMATCH-25NOV05RYBALE-ALE,KXWTAMATCH-25NOV05RYBALE,settled,2025-11-05T15:31:02.651018Z,32490,Rybakina vs Alexandrova,Sports,KXWTAMATCH,2025-11-05T15:31:02.651018Z
KXNCAAMBTOTAL-25NOV05DSUTEM-169,KXNCAAMBTOTAL-25NOV05DSUTEM,settled,2025-11-06T02:31:14.320411Z,200,Delaware St. at Temple: Total Points,Sports,KXNCAAMBTOTAL,2025-11-06T02:31:14.320411Z
KXNCAAMBTOTAL-25NOV05DSUTEM-166,KXNCAAMBTOTAL-25NOV05DSUTEM,settled,2025-11-06T02:31:14.056327Z,200,Delaware St. at Temple: Total Points,Sports,KXNCAAMBTOTAL,2025-11-06T02:31:14.320411Z
KXNCAAMBTOTAL-25NOV05DSUTEM-163,KXNCAAMBTOTAL-25NOV05DSUTEM,settled,2025-11-06T02:31:13.773197Z,200,Delaware St. at Temple: Total Points,Sports,KXNCAAMBTOTAL,2025-11-06T02:31:14.320411Z
KXNCAAMBTOTAL-25NOV05DSUTEM-160,KXNCAAMBTOTAL-25NOV05DSUTEM,settled,2025-11-06T02:31:13.410548Z,200,Delaware St. at Temple: Total Points,Sports,KXNCAAMBTOTAL,2025-11-06T02:31:14.320411Z
KXNCAAMBTOTAL-25NOV05DSUTEM-157,KXNCAAMBTOTAL-25NOV05DSUTEM,settled,2025-11-06T02:31:13.123151Z,200,Delaware St. at Temple: Total Points,Sports,KXNCAAMBTOTAL,2025-11-06T02:31:14.320411Z
KXNCAAMBTOTAL-25NOV05DSUTEM-154,KXNCAAMBTOTAL-25NOV05DSUTEM,settled,2025-11-06T02:31:12.812006Z,729,Delaware St. at Temple: Total Points,Sports,KXNCAAMBTOTAL,2025-11-06T02:31:14.320411Z
KXNCAAMBTOTAL-25NOV05DSUTEM-151,KXNCAAMBTOTAL-25NOV05DSUTEM,settled,2025-11-06T02:31:12.528911Z,395,Delaware St. at Temple: Total Points,Sports,KXNCAAMBTOTAL,2025-11-06T02:31:14.320411Z
KXNCAAMBTOTAL-25NOV05DSUTEM-148,KXNCAAMBTOTAL-25NOV05DSUTEM,settled,2025-11-06T02:31:12.289931Z,244,Delaware St. at Temple: Total Points,Sports,KXNCAAMBTOTAL,2025-11-06T02:31:14.320411Z
KXNCAAMBTOTAL-25NOV05DSUTEM-145,KXNCAAMBTOTAL-25NOV05DSUTEM,settled,2025-11-06T02:31:12.012743Z,300,Delaware St. at Temple: Total Points,Sports,KXNCAAMBTOTAL,2025-11-06T02:31:14.320411Z
KXNCAAMBTOTAL-25NOV05DSUTEM-142,KXNCAAMBTOTAL-25NOV05DSUTEM,settled,2025-11-06T02:31:11.688986Z,349,Delaware St. at Temple: Total Points,Sports,KXNCAAMBTOTAL,2025-11-06T02:31:14.320411Z
KXNCAAMBTOTAL-25NOV05DSUTEM-139,KXNCAAMBTOTAL-25NOV05DSUTEM,settled,2025-11-06T02:31:11.332618Z,722,Delaware St. at Temple: Total Points,Sports,KXNCAAMBTOTAL,2025-11-06T02:31:14.320411Z
KXNCAAMBSPREAD-25NOV05DSUTEM-TEM8,KXNCAAMBSPREAD-25NOV05DSUTEM,settled,2025-11-06T02:31:13.790153Z,523,Delaware St. at Temple: Spread,Sports,KXNCAAMBSPREAD,2025-11-06T02:31:15.663169Z
KXNCAAMBSPREAD-25NOV05DSUTEM-TEM5,KXNCAAMBSPREAD-25NOV05DSUTEM,settled,2025-11-06T02:31:13.498387Z,250,Delaware St. at Temple: Spread,Sports,KXNCAAMBSPREAD,2025-11-06T02:31:15.663169Z
KXNCAAMBSPREAD-25NOV05DSUTEM-TEM32,KXNCAAMBSPREAD-25NOV05DSUTEM,settled,2025-11-06T02:31:15.663169Z,250,Delaware St. at Temple: Spread,Sports,KXNCAAMBSPREAD,2025-11-06T02:31:15.663169Z
KXNCAAMBSPREAD-25NOV05DSUTEM-TEM29,KXNCAAMBSPREAD-25NOV05DSUTEM,settled,2025-11-06T02:31:15.469952Z,250,Delaware St. at Temple: Spread,Sports,KXNCAAMBSPREAD,2025-11-06T02:31:15.663169Z
KXNCAAMBSPREAD-25NOV05DSUTEM-TEM26,KXNCAAMBSPREAD-25NOV05DSUTEM,settled,2025-11-06T02:31:15.255095Z,615,Delaware St. at Temple: Spread,Sports,KXNCAAMBSPREAD,2025-11-06T02:31:15.663169Z
KXNCAAMBSPREAD-25NOV05DSUTEM-TEM23,KXNCAAMBSPREAD-25NOV05DSUTEM,settled,2025-11-06T02:31:15.084514Z,250,Delaware St. at Temple: Spread,Sports,KXNCAAMBSPREAD,2025-11-06T02:31:15.663169Z
KXNCAAMBSPREAD-25NOV05DSUTEM-TEM20,KXNCAAMBSPREAD-25NOV05DSUTEM,settled,2025-11-06T02:31:14.799972Z,393,Delaware St. at Temple: Spread,Sports,KXNCAAMBSPREAD,2025-11-06T02:31:15.663169Z
KXNCAAMBSPREAD-25NOV05DSUTEM-TEM2,KXNCAAMBSPREAD-25NOV05DSUTEM,settled,2025-11-06T02:31:13.208787Z,250,Delaware St. at Temple: Spread,Sports,KXNCAAMBSPREAD,2025-11-06T02:31:15.663169Z
KXNCAAMBSPREAD-25NOV05DSUTEM-TEM17,KXNCAAMBSPREAD-25NOV05DSUTEM,settled,2025-11-06T02:31:14.609717Z,1434,Delaware St. at Temple: Spread,Sports,KXNCAAMBSPREAD,2025-11-06T02:31:15.663169Z
KXNCAAMBSPREAD-25NOV05DSUTEM-TEM14,KXNCAAMBSPREAD-25NOV05DSUTEM,settled,2025-11-06T02:31:14.34605Z,1008,Delaware St. at Temple: Spread,Sports,KXNCAAMBSPREAD,2025-11-06T02:31:15.663169Z
KXNCAAMBSPREAD-25NOV05DSUTEM-TEM11,KXNCAAMBSPREAD-25NOV05DSUTEM,settled,2025-11-06T02:31:14.109532Z,307,Delaware St. at Temple: Spread,Sports,KXNCAAMBSPREAD,2025-11-06T02:31:15.663169Z
KXNCAAMBTOTAL-25NOV05UMESUGA-156,KXNCAAMBTOTAL-25NOV05UMESUGA,settled,2025-11-06T02:35:38.710501Z,200,Maryland-Eastern Shore at Georgia: Total Points,Sports,KXNCAAMBTOTAL,2025-11-06T02:35:38.710501Z
KXNCAAMBTOTAL-25NOV05UMESUGA-153,KXNCAAMBTOTAL-25NOV05UMESUGA,settled,2025-11-06T02:35:38.326803Z,200,Maryland-Eastern Shore at Georgia: Total Points,Sports,KXNCAAMBTOTAL,2025-11-06T02:35:38.710501Z
KXNCAAMBTOTAL-25NOV05UMESUGA-150,KXNCAAMBTOTAL-25NOV05UMESUGA,settled,2025-11-06T02:35:37.944546Z,200,Maryland-Eastern Shore at Georgia: Total Points,Sports,KXNCAAMBTOTAL,2025-11-06T02:35:38.710501Z
KXNCAAMBTOTAL-25NOV05UMESUGA-147,KXNCAAMBTOTAL-25NOV05UMESUGA,settled,2025-11-06T02:35:37.588375Z,200,Maryland-Eastern Shore at Georgia: Total Points,Sports,KXNCAAMBTOTAL,2025-11-06T02:35:38.710501Z
KXNCAAMBTOTAL-25NOV05UMESUGA-144,KXNCAAMBTOTAL-25NOV05UMESUGA,settled,2025-11-06T02:35:37.217603Z,216,Maryland-Eastern Shore at Georgia: Total Points,Sports,KXNCAAMBTOTAL,2025-11-06T02:35:38.710501Z
KXNCAAMBTOTAL-25NOV05UMESUGA-141,KXNCAAMBTOTAL-25NOV05UMESUGA,settled,2025-11-06T02:35:36.815838Z,643,Maryland-Eastern Shore at Georgia: Total Points,Sports,KXNCAAMBTOTAL,2025-11-06T02:35:38.710501Z
KXNCAAMBTOTAL-25NOV05UMESUGA-138,KXNCAAMBTOTAL-25NOV05UMESUGA,settled,2025-11-06T02:35:36.534197Z,200,Maryland-Eastern Shore at Georgia: Total Points,Sports,KXNCAAMBTOTAL,2025-11-06T02:35:38.710501Z
KXNCAAMBTOTAL-25NOV05UMESUGA-135,KXNCAAMBTOTAL-25NOV05UMESUGA,settled,2025-11-06T02:35:36.255636Z,200,Maryland-Eastern Shore at Georgia: Total Points,Sports,KXNCAAMBTOTAL,2025-11-06T02:35:38.710501Z
KXNCAAMBTOTAL-25NOV05UMESUGA-132,KXNCAAMBTOTAL-25NOV05UMESUGA,settled,2025-11-06T02:35:36.094351Z,200,Maryland-Eastern Shore at Georgia: Total Points,Sports,KXNCAAMBTOTAL,2025-11-06T02:35:38.710501Z
KXNCAAMBTOTAL-25NOV05UMESUGA-129,KXNCAAMBTOTAL-25NOV05UMESUGA,settled,2025-11-06T02:35:35.822973Z,200,Maryland-Eastern Shore at Georgia: Total Points,Sports,KXNCAAMBTOTAL,2025-11-06T02:35:38.710501Z
KXNCAAMBTOTAL-25NOV05UMESUGA-126,KXNCAAMBTOTAL-25NOV05UMESUGA,settled,2025-11-06T02:35:35.576189Z,700,Maryland-Eastern Shore at Georgia: Total Points,Sports,KXNCAAMBTOTAL,2025-11-06T02:35:38.710501Z
KXNCAAMBSPREAD-25NOV05UMESUGA-UGA44,KXNCAAMBSPREAD-25NOV05UMESUGA,settled,2025-11-06T02:35:45.83198Z,250,Maryland-Eastern Shore at Georgia: Spread,Sports,KXNCAAMBSPREAD,2025-11-06T02:35:45.83198Z
KXNCAAMBSPREAD-25NOV05UMESUGA-UGA41,KXNCAAMBSPREAD-25NOV05UMESUGA,settled,2025-11-06T02:35:45.666319Z,250,Maryland-Eastern Shore at Georgia: Spread,Sports,KXNCAAMBSPREAD,2025-11-06T02:35:45.83198Z
KXNCAAMBSPREAD-25NOV05UMESUGA-UGA38,KXNCAAMBSPREAD-25NOV05UMESUGA,settled,2025-11-06T02:35:45.460482Z,250,Maryland-Eastern Shore at Georgia: Spread,Sports,KXNCAAMBSPREAD,2025-11-06T02:35:45.83198Z
KXNCAAMBSPREAD-25NOV05UMESUGA-UGA35,KXNCAAMBSPREAD-25NOV05UMESUGA,settled,2025-11-06T02:35:45.215059Z,335,Maryland-Eastern Shore at Georgia: Spread,Sports,KXNCAAMBSPREAD,2025-11-06T02:35:45.83198Z
KXNCAAMBSPREAD-25NOV05UMESUGA-UGA32,KXNCAAMBSPREAD-25NOV05UMESUGA,settled,2025-11-06T02:35:44.965517Z,754,Maryland-Eastern Shore at Georgia: Spread,Sports,KXNCAAMBSPREAD,2025-11-06T02:35:45.83198Z
KXNCAAMBSPREAD-25NOV05UMESUGA-UGA29,KXNCAAMBSPREAD-25NOV05UMESUGA,settled,2025-11-06T02:35:44.786282Z,688,Maryland-Eastern Shore at Georgia: Spread,Sports,KXNCAAMBSPREAD,2025-11-06T02:35:45.83198Z
KXNCAAMBSPREAD-25NOV05UMESUGA-UGA26,KXNCAAMBSPREAD-25NOV05UMESUGA,settled,2025-11-06T02:35:44.593808Z,250,Maryland-Eastern Shore at Georgia: Spread,Sports,KXNCAAMBSPREAD,2025-11-06T02:35:45.83198Z
KXNCAAMBSPREAD-25NOV05UMESUGA-UGA23,KXNCAAMBSPREAD-25NOV05UMESUGA,settled,2025-11-06T02:35:44.396384Z,250,Maryland-Eastern Shore at Georgia: Spread,Sports,KXNCAAMBSPREAD,2025-11-06T02:35:45.83198Z
KXNCAAMBSPREAD-25NOV05UMESUGA-UGA20,KXNCAAMBSPREAD-25NOV05UMESUGA,settled,2025-11-06T02:35:44.151513Z,250,Maryland-Eastern Shore at Georgia: Spread,Sports,KXNCAAMBSPREAD,2025-11-06T02:35:45.83198Z
KXNCAAMBSPREAD-25NOV05UMESUGA-UGA17,KXNCAAMBSPREAD-25NOV05UMESUGA,settled,2025-11-06T02:35:43.955423Z,250,Maryland-Eastern Shore at Georgia: Spread,Sports,KXNCAAMBSPREAD,2025-11-06T02:35:45.83198Z
KXNCAAMBSPREAD-25NOV05UMESUGA-UGA14,KXNCAAMBSPREAD-25NOV05UMESUGA,settled,2025-11-06T02:35:43.711491Z,250,Maryland-Eastern Shore at Georgia: Spread,Sports,KXNCAAMBSPREAD,2025-11-06T02:35:45.83198Z
KXNCAAMBTOTAL-25NOV05COPPLAS-157,KXNCAAMBTOTAL-25NOV05COPPLAS,settled,2025-11-06T02:16:02.207271Z,200,Coppin St. at La Salle: Total Points,Sports,KXNCAAMBTOTAL,2025-11-06T02:16:02.207271Z
KXNCAAMBTOTAL-25NOV05COPPLAS-154,KXNCAAMBTOTAL-25NOV05COPPLAS,settled,2025-11-06T02:16:01.83604Z,200,Coppin St. at La Salle: Total Points,Sports,KXNCAAMBTOTAL,2025-11-06T02:16:02.207271Z
KXNCAAMBTOTAL-25NOV05COPPLAS-151,KXNCAAMBTOTAL-25NOV05COPPLAS,settled,2025-11-06T02:16:01.506499Z,200,Coppin St. at La Salle: Total Points,Sports,KXNCAAMBTOTAL,2025-11-06T02:16:02.207271Z
KXNCAAMBTOTAL-25NOV05COPPLAS-148,KXNCAAMBTOTAL-25NOV05COPPLAS,settled,2025-11-06T02:16:01.018087Z,200,Coppin St. at La Salle: Total Points,Sports,KXNCAAMBTOTAL,2025-11-06T02:16:02.207271Z
KXNCAAMBTOTAL-25NOV05COPPLAS-145,KXNCAAMBTOTAL-25NOV05COPPLAS,settled,2025-11-06T02:16:00.528872Z,450,Coppin St. at La Salle: Total Points,Sports,KXNCAAMBTOTAL,2025-11-06T02:16:02.207271Z
KXNCAAMBTOTAL-25NOV05COPPLAS-142,KXNCAAMBTOTAL-25NOV05COPPLAS,settled,2025-11-06T02:16:00.071095Z,4149,Coppin St. at La Salle: Total Points,Sports,KXNCAAMBTOTAL,2025-11-06T02:16:02.207271Z
KXNCAAMBTOTAL-25NOV05COPPLAS-139,KXNCAAMBTOTAL-25NOV05COPPLAS,settled,2025-11-06T02:15:59.744512Z,1765,Coppin St. at La Salle: Total Points,Sports,KXNCAAMBTOTAL,2025-11-06T02:16:02.207271Z
KXNCAAMBTOTAL-25NOV05COPPLAS-136,KXNCAAMBTOTAL-25NOV05COPPLAS,settled,2025-11-06T02:15:59.308725Z,547,Coppin St. at La Salle: Total Points,Sports,KXNCAAMBTOTAL,2025-11-06T02:16:02.207271Z
KXNCAAMBTOTAL-25NOV05COPPLAS-133,KXNCAAMBTOTAL-25NOV05COPPLAS,settled,2025-11-06T02:15:58.958592Z,400,Coppin St. at La Salle: Total Points,Sports,KXNCAAMBTOTAL,2025-11-06T02:16:02.207271Z
KXNCAAMBTOTAL-25NOV05COPPLAS-130,KXNCAAMBTOTAL-25NOV05COPPLAS,settled,2025-11-06T02:15:58.720202Z,480,Coppin St. at La Salle: Total Points,Sports,KXNCAAMBTOTAL,2025-11-06T02:16:02.207271Z
KXNCAAMBTOTAL-25NOV05COPPLAS-127,KXNCAAMBTOTAL-25NOV05COPPLAS,settled,2025-11-06T02:15:58.397152Z,3010,Coppin St. at La Salle: Total Points,Sports,KXNCAAMBTOTAL,2025-11-06T02:16:02.207271Z
KXNCAAMBSPREAD-25NOV05COPPLAS-LAS9,KXNCAAMBSPREAD-25NOV05COPPLAS,settled,2025-11-06T02:16:18.582769Z,250,Coppin St. at La Salle: Spread,Sports,KXNCAAMBSPREAD,2025-11-06T02:16:19.705512Z
KXNCAAMBSPREAD-25NOV05COPPLAS-LAS6,KXNCAAMBSPREAD-25NOV05COPPLAS,settled,2025-11-06T02:16:18.425939Z,250,Coppin St. at La Salle: Spread,Sports,KXNCAAMBSPREAD,2025-11-06T02:16:19.705512Z
KXNCAAMBSPREAD-25NOV05COPPLAS-LAS30,KXNCAAMBSPREAD-25NOV05COPPLAS,settled,2025-11-06T02:16:19.705512Z,250,Coppin St. at La Salle: Spread,Sports,KXNCAAMBSPREAD,2025-11-06T02:16:19.705512Z
KXNCAAMBSPREAD-25NOV05COPPLAS-LAS3,KXNCAAMBSPREAD-25NOV05COPPLAS,settled,2025-11-06T02:16:18.304643Z,250,Coppin St. at La Salle: Spread,Sports,KXNCAAMBSPREAD,2025-11-06T02:16:19.705512Z
KXNCAAMBSPREAD-25NOV05COPPLAS-LAS27,KXNCAAMBSPREAD-25NOV05COPPLAS,settled,2025-11-06T02:16:19.575631Z,250,Coppin St. at La Salle: Spread,Sports,KXNCAAMBSPREAD,2025-11-06T02:16:19.705512Z
KXNCAAMBSPREAD-25NOV05COPPLAS-LAS24,KXNCAAMBSPREAD-25NOV05COPPLAS,settled,2025-11-06T02:16:19.445699Z,791,Coppin St. at La Salle: Spread,Sports,KXNCAAMBSPREAD,2025-11-06T02:16:19.705512Z
KXNCAAMBSPREAD-25NOV05COPPLAS-LAS21,KXNCAAMBSPREAD-25NOV05COPPLAS,settled,2025-11-06T02:16:19.307072Z,255,Coppin St. at La Salle: Spread,Sports,KXNCAAMBSPREAD,2025-11-06T02:16:19.705512Z
KXNCAAMBSPREAD-25NOV05COPPLAS-LAS18,KXNCAAMBSPREAD-25NOV05COPPLAS,settled,2025-11-06T02:16:19.175952Z,2308,Coppin St. at La Salle: Spread,Sports,KXNCAAMBSPREAD,2025-11-06T02:16:19.705512Z
KXNCAAMBSPREAD-25NOV05COPPLAS-LAS15,KXNCAAMBSPREAD-25NOV05COPPLAS,settled,2025-11-06T02:16:18.902984Z,4982,Coppin St. at La Salle: Spread,Sports,KXNCAAMBSPREAD,2025-11-06T02:16:19.705512Z
KXNCAAMBSPREAD-25NOV05COPPLAS-LAS12,KXNCAAMBSPREAD-25NOV05COPPLAS,settled,2025-11-06T02:16:18.758019Z,250,Coppin St. at La Salle: Spread,Sports,KXNCAAMBSPREAD,2025-11-06T02:16:19.705512Z
KXNBATOTAL-25NOV05PHICLE-248,KXNBATOTAL-25NOV05PHICLE,settled,2025-11-06T02:45:38.915803Z,30777,Philadelphia at Cleveland: Total Points,Sports,KXNBATOTAL,2025-11-06T02:45:38.915803Z
KXNBATOTAL-25NOV05PHICLE-245,KXNBATOTAL-25NOV05PHICLE,settled,2025-11-06T02:45:38.591891Z,10325,Philadelphia at Cleveland: Total Points,Sports,KXNBATOTAL,2025-11-06T02:45:38.915803Z
KXNBATOTAL-25NOV05PHICLE-242,KXNBATOTAL-25NOV05PHICLE,settled,2025-11-06T02:45:38.216014Z,11179,Philadelphia at Cleveland: Total Points,Sports,KXNBATOTAL,2025-11-06T02:45:38.915803Z
KXNBATOTAL-25NOV05PHICLE-239,KXNBATOTAL-25NOV05PHICLE,settled,2025-11-06T02:45:37.788985Z,7087,Philadelphia at Cleveland: Total Points,Sports,KXNBATOTAL,2025-11-06T02:45:38.915803Z
KXNBATOTAL-25NOV05PHICLE-236,KXNBATOTAL-25NOV05PHICLE,settled,2025-11-06T02:45:37.339489Z,55246,Philadelphia at Cleveland: Total Points,Sports,KXNBATOTAL,2025-11-06T02:45:38.915803Z
KXNBATOTAL-25NOV05PHICLE-233,KXNBATOTAL-25NOV05PHICLE,settled,2025-11-06T02:45:36.947821Z,66470,Philadelphia at Cleveland: Total Points,Sports,KXNBATOTAL,2025-11-06T02:45:38.915803Z
KXNBATOTAL-25NOV05PHICLE-230,KXNBATOTAL-25NOV05PHICLE,settled,2025-11-06T02:45:36.523186Z,2372,Philadelphia at Cleveland: Total Points,Sports,KXNBATOTAL,2025-11-06T02:45:38.915803Z
KXNBATOTAL-25NOV05PHICLE-227,KXNBATOTAL-25NOV05PHICLE,settled,2025-11-06T02:45:36.035263Z,12437,Philadelphia at Cleveland: Total Points,Sports,KXNBATOTAL,2025-11-06T02:45:38.915803Z
KXNBATOTAL-25NOV05PHICLE-224,KXNBATOTAL-25NOV05PHICLE,settled,2025-11-06T02:45:35.658778Z,6293,Philadelphia at Cleveland: Total Points,Sports,KXNBATOTAL,2025-11-06T02:45:38.915803Z
KXNBATOTAL-25NOV05PHICLE-221,KXNBATOTAL-25NOV05PHICLE,settled,2025-11-06T02:45:35.318706Z,954,Philadelphia at Cleveland: Total Points,Sports,KXNBATOTAL,2025-11-06T02:45:38.915803Z
KXNBATOTAL-25NOV05PHICLE-218,KXNBATOTAL-25NOV05PHICLE,settled,2025-11-06T02:45:34.921805Z,7342,Philadelphia at Cleveland: Total Points,Sports,KXNBATOTAL,2025-11-06T02:45:38.915803Z
KXNBASPREAD-25NOV05PHICLE-PHI5,KXNBASPREAD-25NOV05PHICLE,settled,2025-11-06T02:45:37.31445Z,3730,Philadelphia at Cleveland: Spread,Sports,KXNBASPREAD,2025-11-06T02:45:41.008688Z
KXNBASPREAD-25NOV05PHICLE-PHI2,KXNBASPREAD-25NOV05PHICLE,settled,2025-11-06T02:45:37.744447Z,2015,Philadelphia at Cleveland: Spread,Sports,KXNBASPREAD,2025-11-06T02:45:41.008688Z
KXNBASPREAD-25NOV05PHICLE-CLE7,KXNBASPREAD-25NOV05PHICLE,settled,2025-11-06T02:45:38.817518Z,7148,Philadelphia at Cleveland: Spread,Sports,KXNBASPREAD,2025-11-06T02:45:41.008688Z
KXNBASPREAD-25NOV05PHICLE-CLE4,KXNBASPREAD-25NOV05PHICLE,settled,2025-11-06T02:45:38.490305Z,1624,Philadelphia at Cleveland: Spread,Sports,KXNBASPREAD,2025-11-06T02:45:41.008688Z
KXNBASPREAD-25NOV05PHICLE-CLE25,KXNBASPREAD-25NOV05PHICLE,settled,2025-11-06T02:45:41.008688Z,3879,Philadelphia at Cleveland: Spread,Sports,KXNBASPREAD,2025-11-06T02:45:41.008688Z
KXNBASPREAD-25NOV05PHICLE-CLE22,KXNBASPREAD-25NOV05PHICLE,settled,2025-11-06T02:45:40.714899Z,8870,Philadelphia at Cleveland: Spread,Sports,KXNBASPREAD,2025-11-06T02:45:41.008688Z
KXNBASPREAD-25NOV05PHICLE-CLE19,KXNBASPREAD-25NOV05PHICLE,settled,2025-11-06T02:45:40.207298Z,7734,Philadelphia at Cleveland: Spread,Sports,KXNBASPREAD,2025-11-06T02:45:41.008688Z
KXNBASPREAD-25NOV05PHICLE-CLE16,KXNBASPREAD-25NOV05PHICLE,settled,2025-11-06T02:45:39.719427Z,15998,Philadelphia at Cleveland: Spread,Sports,KXNBASPREAD,2025-11-06T02:45:41.008688Z
KXNBASPREAD-25NOV05PHICLE-CLE13,KXNBASPREAD-25NOV05PHICLE,settled,2025-11-06T02:45:39.448382Z,18486,Philadelphia at Cleveland: Spread,Sports,KXNBASPREAD,2025-11-06T02:45:41.008688Z
KXNBASPREAD-25NOV05PHICLE-CLE10,KXNBASPREAD-25NOV05PHICLE,settled,2025-11-06T02:45:39.169702Z,89639,Philadelphia at Cleveland: Spread,Sports,KXNBASPREAD,2025-11-06T02:45:41.008688Z
KXNBASPREAD-25NOV05PHICLE-CLE1,KXNBASPREAD-25NOV05PHICLE,settled,2025-11-06T02:45:38.132093Z,1281,Philadelphia at Cleveland: Spread,Sports,KXNBASPREAD,2025-11-06T02:45:41.008688Z
KXNBATOTAL-25NOV05WASBOS-244,KXNBATOTAL-25NOV05WASBOS,closed,2025-11-06T03:05:13.149363Z,3672,Washington at Boston: Total Points,Sports,KXNBATOTAL,2025-11-06T03:05:13.149363Z
KXNBATOTAL-25NOV05WASBOS-241,KXNBATOTAL-25NOV05WASBOS,closed,2025-11-06T03:05:12.798795Z,2407,Washington at Boston: Total Points,Sports,KXNBATOTAL,2025-11-06T03:05:13.149363Z
KXNBATOTAL-25NOV05WASBOS-238,KXNBATOTAL-25NOV05WASBOS,closed,2025-11-06T03:05:12.451228Z,13294,Washington at Boston: Total Points,Sports,KXNBATOTAL,2025-11-06T03:05:13.149363Z
KXNBATOTAL-25NOV05WASBOS-235,KXNBATOTAL-25NOV05WASBOS,closed,2025-11-06T03:05:11.998105Z,18714,Washington at Boston: Total Points,Sports,KXNBATOTAL,2025-11-06T03:05:13.149363Z
KXNBATOTAL-25NOV05WASBOS-232,KXNBATOTAL-25NOV05WASBOS,closed,2025-11-06T03:05:11.614622Z,42201,Washington at Boston: Total Points,Sports,KXNBATOTAL,2025-11-06T03:05:13.149363Z
KXNBATOTAL-25NOV05WASBOS-229,KXNBATOTAL-25NOV05WASBOS,closed,2025-11-06T03:05:10.942403Z,7256,Washington at Boston: Total Points,Sports,KXNBATOTAL,2025-11-06T03:05:13.149363Z
KXNBATOTAL-25NOV05WASBOS-226,KXNBATOTAL-25NOV05WASBOS,closed,2025-11-06T03:05:10.497251Z,942,Washington at Boston: Total Points,Sports,KXNBATOTAL,2025-11-06T03:05:13.149363Z
KXNBATOTAL-25NOV05WASBOS-223,KXNBATOTAL-25NOV05WASBOS,closed,2025-11-06T03:05:10.055714Z,938,Washington at Boston: Total Points,Sports,KXNBATOTAL,2025-11-06T03:05:13.149363Z
KXNBATOTAL-25NOV05WASBOS-220,KXNBATOTAL-25NOV05WASBOS,closed,2025-11-06T03:05:09.58523Z,538,Washington at Boston: Total Points,Sports,KXNBATOTAL,2025-11-06T03:05:13.149363Z
KXNBATOTAL-25NOV05WASBOS-217,KXNBATOTAL-25NOV05WASBOS,closed,2025-11-06T03:05:09.201276Z,700,Washington at Boston: Total Points,Sports,KXNBATOTAL,2025-11-06T03:05:13.149363Z
KXNBATOTAL-25NOV05WASBOS-214,KXNBATOTAL-25NOV05WASBOS,closed,2025-11-06T03:05:08.642159Z,2032,Washington at Boston: Total Points,Sports,KXNBATOTAL,2025-11-06T03:05:13.149363Z
KXNBASPREAD-25NOV05WASBOS-WAS5,KXNBASPREAD-25NOV05WASBOS,closed,2025-11-06T03:05:13.739466Z,6959,Washington at Boston: Spread,Sports,KXNBASPREAD,2025-11-06T03:05:17.059625Z
KXNBASPREAD-25NOV05WASBOS-WAS2,KXNBASPREAD-25NOV05WASBOS,closed,2025-11-06T03:05:14.216799Z,1708,Washington at Boston: Spread,Sports,KXNBASPREAD,2025-11-06T03:05:17.059625Z
KXNBASPREAD-25NOV05WASBOS-BOS7,KXNBASPREAD-25NOV05WASBOS,closed,2025-11-06T03:05:15.312245Z,11220,Washington at Boston: Spread,Sports,KXNBASPREAD,2025-11-06T03:05:17.059625Z
KXNBASPREAD-25NOV05WASBOS-BOS4,KXNBASPREAD-25NOV05WASBOS,closed,2025-11-06T03:05:14.980527Z,7294,Washington at Boston: Spread,Sports,KXNBASPREAD,2025-11-06T03:05:17.059625Z
KXNBASPREAD-25NOV05WASBOS-BOS25,KXNBASPREAD-25NOV05WASBOS,closed,2025-11-06T03:05:17.059625Z,27877,Washington at Boston: Spread,Sports,KXNBASPREAD,2025-11-06T03:05:17.059625Z
KXNBASPREAD-25NOV05WASBOS-BOS22,KXNBASPREAD-25NOV05WASBOS,closed,2025-11-06T03:05:16.725471Z,24187,Washington at Boston: Spread,Sports,KXNBASPREAD,2025-11-06T03:05:17.059625Z
KXNBASPREAD-25NOV05WASBOS-BOS19,KXNBASPREAD-25NOV05WASBOS,closed,2025-11-06T03:05:16.401379Z,12189,Washington at Boston: Spread,Sports,KXNBASPREAD,2025-11-06T03:05:17.059625Z
KXNBASPREAD-25NOV05WASBOS-BOS16,KXNBASPREAD-25NOV05WASBOS,closed,2025-11-06T03:05:16.135844Z,17426,Washington at Boston: Spread,Sports,KXNBASPREAD,2025-11-06T03:05:17.059625Z
KXNBASPREAD-25NOV05WASBOS-BOS13,KXNBASPREAD-25NOV05WASBOS,closed,2025-11-06T03:05:15.912673Z,44212,Washington at Boston: Spread,Sports,KXNBASPREAD,2025-11-06T03:05:17.059625Z
KXNBASPREAD-25NOV05WASBOS-BOS10,KXNBASPREAD-25NOV05WASBOS,closed,2025-11-06T03:05:15.665841Z,19057,Washington at Boston: Spread,Sports,KXNBASPREAD,2025-11-06T03:05:17.059625Z
KXNBASPREAD-25NOV05WASBOS-BOS1,KXNBASPREAD-25NOV05WASBOS,closed,2025-11-06T03:05:14.589837Z,3029,Washington at Boston: Spread,Sports,KXNBASPREAD,2025-11-06T03:05:17.059625Z
KXNBATOTAL-25NOV05BKNIND-247,KXNBATOTAL-25NOV05BKNIND,settled,2025-11-06T02:55:06.754032Z,1699,Brooklyn at Indiana: Total Points,Sports,KXNBATOTAL,2025-11-06T02:55:06.754032Z
KXNBATOTAL-25NOV05BKNIND-244,KXNBATOTAL-25NOV05BKNIND,settled,2025-11-06T02:55:06.40864Z,1500,Brooklyn at Indiana: Total Points,Sports,KXNBATOTAL,2025-11-06T02:55:06.754032Z
KXNBATOTAL-25NOV05BKNIND-241,KXNBATOTAL-25NOV05BKNIND,settled,2025-11-06T02:55:05.961363Z,1913,Brooklyn at Indiana: Total Points,Sports,KXNBATOTAL,2025-11-06T02:55:06.754032Z
KXNBATOTAL-25NOV05BKNIND-238,KXNBATOTAL-25NOV05BKNIND,settled,2025-11-06T02:55:05.564833Z,2402,Brooklyn at Indiana: Total Points,Sports,KXNBATOTAL,2025-11-06T02:55:06.754032Z
KXNBATOTAL-25NOV05BKNIND-235,KXNBATOTAL-25NOV05BKNIND,settled,2025-11-06T02:55:05.206703Z,3716,Brooklyn at Indiana: Total Points,Sports,KXNBATOTAL,2025-11-06T02:55:06.754032Z
KXNBATOTAL-25NOV05BKNIND-232,KXNBATOTAL-25NOV05BKNIND,settled,2025-11-06T02:55:04.856376Z,95648,Brooklyn at Indiana: Total Points,Sports,KXNBATOTAL,2025-11-06T02:55:06.754032Z
KXNBATOTAL-25NOV05BKNIND-229,KXNBATOTAL-25NOV05BKNIND,settled,2025-11-06T02:55:04.495308Z,16464,Brooklyn at Indiana: Total Points,Sports,KXNBATOTAL,2025-11-06T02:55:06.754032Z
KXNBATOTAL-25NOV05BKNIND-226,KXNBATOTAL-25NOV05BKNIND,settled,2025-11-06T02:55:04.052565Z,4520,Brooklyn at Indiana: Total Points,Sports,KXNBATOTAL,2025-11-06T02:55:06.754032Z
KXNBATOTAL-25NOV05BKNIND-223,KXNBATOTAL-25NOV05BKNIND,settled,2025-11-06T02:55:03.606337Z,7655,Brooklyn at Indiana: Total Points,Sports,KXNBATOTAL,2025-11-06T02:55:06.754032Z
KXNBATOTAL-25NOV05BKNIND-220,KXNBATOTAL-25NOV05BKNIND,settled,2025-11-06T02:55:03.201715Z,3542,Brooklyn at Indiana: Total Points,Sports,KXNBATOTAL,2025-11-06T02:55:06.754032Z
KXNBATOTAL-25NOV05BKNIND-217,KXNBATOTAL-25NOV05BKNIND,settled,2025-11-06T02:55:02.697175Z,15004,Brooklyn at Indiana: Total Points,Sports,KXNBATOTAL,2025-11-06T02:55:06.754032Z
KXNBATOTAL-25NOV05UTADET-245,KXNBATOTAL-25NOV05UTADET,settled,2025-11-06T02:50:21.691384Z,576,Utah at Detroit: Total Points,Sports,KXNBATOTAL,2025-11-06T02:50:21.691384Z
KXNBATOTAL-25NOV05UTADET-242,KXNBATOTAL-25NOV05UTADET,settled,2025-11-06T02:50:21.431366Z,500,Utah at Detroit: Total Points,Sports,KXNBATOTAL,2025-11-06T02:50:21.691384Z
KXNBATOTAL-25NOV05UTADET-239,KXNBATOTAL-25NOV05UTADET,settled,2025-11-06T02:50:21.218876Z,1116,Utah at Detroit: Total Points,Sports,KXNBATOTAL,2025-11-06T02:50:21.691384Z
KXNBATOTAL-25NOV05UTADET-236,KXNBATOTAL-25NOV05UTADET,settled,2025-11-06T02:50:20.981757Z,3370,Utah at Detroit: Total Points,Sports,KXNBATOTAL,2025-11-06T02:50:21.691384Z
KXNBATOTAL-25NOV05UTADET-233,KXNBATOTAL-25NOV05UTADET,settled,2025-11-06T02:50:20.678186Z,16077,Utah at Detroit: Total Points,Sports,KXNBATOTAL,2025-11-06T02:50:21.691384Z
KXNBATOTAL-25NOV05UTADET-230,KXNBATOTAL-25NOV05UTADET,settled,2025-11-06T02:50:20.376204Z,7181,Utah at Detroit: Total Points,Sports,KXNBATOTAL,2025-11-06T02:50:21.691384Z
KXNBATOTAL-25NOV05UTADET-227,KXNBATOTAL-25NOV05UTADET,settled,2025-11-06T02:50:19.965027Z,3505,Utah at Detroit: Total Points,Sports,KXNBATOTAL,2025-11-06T02:50:21.691384Z
KXNBATOTAL-25NOV05UTADET-224,KXNBATOTAL-25NOV05UTADET,settled,2025-11-06T02:50:19.674545Z,2329,Utah at Detroit: Total Points,Sports,KXNBATOTAL,2025-11-06T02:50:21.691384Z
KXNBATOTAL-25NOV05UTADET-221,KXNBATOTAL-25NOV05UTADET,settled,2025-11-06T02:50:19.286708Z,1586,Utah at Detroit: Total Points,Sports,KXNBATOTAL,2025-11-06T02:50:21.691384Z
KXNBATOTAL-25NOV05UTADET-218,KXNBATOTAL-25NOV05UTADET,settled,2025-11-06T02:50:18.718267Z,3997,Utah at Detroit: Total Points,Sports,KXNBATOTAL,2025-11-06T02:50:21.691384Z
KXNBATOTAL-25NOV05UTADET-215,KXNBATOTAL-25NOV05UTADET,settled,2025-11-06T02:50:18.321393Z,16571,Utah at Detroit: Total Points,Sports,KXNBATOTAL,2025-11-06T02:50:21.691384Z
KXNBASPREAD-25NOV05BKNIND-IND9,KXNBASPREAD-25NOV05BKNIND,settled,2025-11-06T02:55:07.047896Z,3725,Brooklyn at Indiana: Spread,Sports,KXNBASPREAD,2025-11-06T02:55:08.052898Z
KXNBASPREAD-25NOV05BKNIND-IND6,KXNBASPREAD-25NOV05BKNIND,settled,2025-11-06T02:55:06.781327Z,30793,Brooklyn at Indiana: Spread,Sports,KXNBASPREAD,2025-11-06T02:55:08.052898Z
KXNBASPREAD-25NOV05BKNIND-IND3,KXNBASPREAD-25NOV05BKNIND,settled,2025-11-06T02:55:06.430343Z,12690,Brooklyn at Indiana: Spread,Sports,KXNBASPREAD,2025-11-06T02:55:08.052898Z
KXNBASPREAD-25NOV05BKNIND-IND21,KXNBASPREAD-25NOV05BKNIND,settled,2025-11-06T02:55:08.052898Z,2847,Brooklyn at Indiana: Spread,Sports,KXNBASPREAD,2025-11-06T02:55:08.052898Z
KXNBASPREAD-25NOV05BKNIND-IND18,KXNBASPREAD-25NOV05BKNIND,settled,2025-11-06T02:55:07.867171Z,3200,Brooklyn at Indiana: Spread,Sports,KXNBASPREAD,2025-11-06T02:55:08.052898Z
KXNBASPREAD-25NOV05BKNIND-IND15,KXNBASPREAD-25NOV05BKNIND,settled,2025-11-06T02:55:07.63536Z,1723,Brooklyn at Indiana: Spread,Sports,KXNBASPREAD,2025-11-06T02:55:08.052898Z
KXNBASPREAD-25NOV05BKNIND-IND12,KXNBASPREAD-25NOV05BKNIND,settled,2025-11-06T02:55:07.326322Z,1342,Brooklyn at Indiana: Spread,Sports,KXNBASPREAD,2025-11-06T02:55:08.052898Z
KXNBASPREAD-25NOV05BKNIND-BKN9,KXNBASPREAD-25NOV05BKNIND,settled,2025-11-06T02:55:05.131051Z,8059,Brooklyn at Indiana: Spread,Sports,KXNBASPREAD,2025-11-06T02:55:08.052898Z
KXNBASPREAD-25NOV05BKNIND-BKN6,KXNBASPREAD-25NOV05BKNIND,settled,2025-11-06T02:55:05.5086Z,3295,Brooklyn at Indiana: Spread,Sports,KXNBASPREAD,2025-11-06T02:55:08.052898Z
KXNBASPREAD-25NOV05BKNIND-BKN3,KXNBASPREAD-25NOV05BKNIND,settled,2025-11-06T02:55:05.911516Z,4548,Brooklyn at Indiana: Spread,Sports,KXNBASPREAD,2025-11-06T02:55:08.052898Z
KXNBASPREAD-25NOV05UTADET-UTA5,KXNBASPREAD-25NOV05UTADET,settled,2025-11-06T02:50:17.430302Z,3087,Utah at Detroit: Spread,Sports,KXNBASPREAD,2025-11-06T02:50:20.874607Z
KXNBASPREAD-25NOV05UTADET-UTA2,KXNBASPREAD-25NOV05UTADET,settled,2025-11-06T02:50:17.854979Z,1929,Utah at Detroit: Spread,Sports,KXNBASPREAD,2025-11-06T02:50:20.874607Z
KXNBASPREAD-25NOV05UTADET-DET7,KXNBASPREAD-25NOV05UTADET,settled,2025-11-06T02:50:19.044744Z,7163,Utah at Detroit: Spread,Sports,KXNBASPREAD,2025-11-06T02:50:20.874607Z
KXNBASPREAD-25NOV05UTADET-DET4,KXNBASPREAD-25NOV05UTADET,settled,2025-11-06T02:50:18.634397Z,6800,Utah at Detroit: Spread,Sports,KXNBASPREAD,2025-11-06T02:50:20.874607Z
KXNBASPREAD-25NOV05UTADET-DET25,KXNBASPREAD-25NOV05UTADET,settled,2025-11-06T02:50:20.874607Z,556,Utah at Detroit: Spread,Sports,KXNBASPREAD,2025-11-06T02:50:20.874607Z
KXNBASPREAD-25NOV05UTADET-DET22,KXNBASPREAD-25NOV05UTADET,settled,2025-11-06T02:50:20.641816Z,700,Utah at Detroit: Spread,Sports,KXNBASPREAD,2025-11-06T02:50:20.874607Z
KXNBASPREAD-25NOV05UTADET-DET19,KXNBASPREAD-25NOV05UTADET,settled,2025-11-06T02:50:20.379303Z,1165,Utah at Detroit: Spread,Sports,KXNBASPREAD,2025-11-06T02:50:20.874607Z
KXNBASPREAD-25NOV05UTADET-DET16,KXNBASPREAD-25NOV05UTADET,settled,2025-11-06T02:50:19.993367Z,1113,Utah at Detroit: Spread,Sports,KXNBASPREAD,2025-11-06T02:50:20.874607Z
KXNBASPREAD-25NOV05UTADET-DET13,KXNBASPREAD-25NOV05UTADET,settled,2025-11-06T02:50:19.722643Z,6198,Utah at Detroit: Spread,Sports,KXNBASPREAD,2025-11-06T02:50:20.874607Z
KXNBASPREAD-25NOV05UTADET-DET10,KXNBASPREAD-25NOV05UTADET,settled,2025-11-06T02:50:19.377277Z,58493,Utah at Detroit: Spread,Sports,KXNBASPREAD,2025-11-06T02:50:20.874607Z
KXNBASPREAD-25NOV05UTADET-DET1,KXNBASPREAD-25NOV05UTADET,settled,2025-11-06T02:50:18.326014Z,970,Utah at Detroit: Spread,Sports,KXNBASPREAD,2025-11-06T02:50:20.874607Z
KXNCAAMBTOTAL-25NOV05USIBUT-170,KXNCAAMBTOTAL-25NOV05USIBUT,settled,2025-11-06T02:35:38.151358Z,200,Southern Indiana at Butler: Total Points,Sports,KXNCAAMBTOTAL,2025-11-06T02:35:38.151358Z
KXNCAAMBTOTAL-25NOV05USIBUT-167,KXNCAAMBTOTAL-25NOV05USIBUT,settled,2025-11-06T02:35:37.788875Z,200,Southern Indiana at Butler: Total Points,Sports,KXNCAAMBTOTAL,2025-11-06T02:35:38.151358Z
KXNCAAMBTOTAL-25NOV05USIBUT-164,KXNCAAMBTOTAL-25NOV05USIBUT,settled,2025-11-06T02:35:37.41318Z,200,Southern Indiana at Butler: Total Points,Sports,KXNCAAMBTOTAL,2025-11-06T02:35:38.151358Z
KXNCAAMBTOTAL-25NOV05USIBUT-161,KXNCAAMBTOTAL-25NOV05USIBUT,settled,2025-11-06T02:35:37.126135Z,350,Southern Indiana at Butler: Total Points,Sports,KXNCAAMBTOTAL,2025-11-06T02:35:38.151358Z
KXNCAAMBTOTAL-25NOV05USIBUT-158,KXNCAAMBTOTAL-25NOV05USIBUT,settled,2025-11-06T02:35:36.775403Z,377,Southern Indiana at Butler: Total Points,Sports,KXNCAAMBTOTAL,2025-11-06T02:35:38.151358Z
KXNCAAMBTOTAL-25NOV05USIBUT-155,KXNCAAMBTOTAL-25NOV05USIBUT,settled,2025-11-06T02:35:36.517357Z,6755,Southern Indiana at Butler: Total Points,Sports,KXNCAAMBTOTAL,2025-11-06T02:35:38.151358Z
KXNCAAMBTOTAL-25NOV05USIBUT-152,KXNCAAMBTOTAL-25NOV05USIBUT,settled,2025-11-06T02:35:36.247064Z,675,Southern Indiana at Butler: Total Points,Sports,KXNCAAMBTOTAL,2025-11-06T02:35:38.151358Z
KXNCAAMBTOTAL-25NOV05USIBUT-149,KXNCAAMBTOTAL-25NOV05USIBUT,settled,2025-11-06T02:35:35.916911Z,225,Southern Indiana at Butler: Total Points,Sports,KXNCAAMBTOTAL,2025-11-06T02:35:38.151358Z
KXNCAAMBTOTAL-25NOV05USIBUT-146,KXNCAAMBTOTAL-25NOV05USIBUT,settled,2025-11-06T02:35:35.711814Z,329,Southern Indiana at Butler: Total Points,Sports,KXNCAAMBTOTAL,2025-11-06T02:35:38.151358Z
KXNCAAMBTOTAL-25NOV05USIBUT-143,KXNCAAMBTOTAL-25NOV05USIBUT,settled,2025-11-06T02:35:35.450791Z,200,Southern Indiana at Butler: Total Points,Sports,KXNCAAMBTOTAL,2025-11-06T02:35:38.151358Z
KXNCAAMBTOTAL-25NOV05USIBUT-140,KXNCAAMBTOTAL-25NOV05USIBUT,settled,2025-11-06T02:35:35.149873Z,200,Southern Indiana at Butler: Total Points,Sports,KXNCAAMBTOTAL,2025-11-06T02:35:38.151358Z
KXNCAAMBSPREAD-25NOV05USIBUT-BUT8,KXNCAAMBSPREAD-25NOV05USIBUT,settled,2025-11-06T02:35:43.55476Z,250,Southern Indiana at Butler: Spread,Sports,KXNCAAMBSPREAD,2025-11-06T02:35:45.458262Z
KXNCAAMBSPREAD-25NOV05USIBUT-BUT5,KXNCAAMBSPREAD-25NOV05USIBUT,settled,2025-11-06T02:35:43.336288Z,250,Southern Indiana at Butler: Spread,Sports,KXNCAAMBSPREAD,2025-11-06T02:35:45.458262Z
KXNCAAMBSPREAD-25NOV05USIBUT-BUT35,KXNCAAMBSPREAD-25NOV05USIBUT,settled,2025-11-06T02:35:45.458262Z,250,Southern Indiana at Butler: Spread,Sports,KXNCAAMBSPREAD,2025-11-06T02:35:45.458262Z
KXNCAAMBSPREAD-25NOV05USIBUT-BUT32,KXNCAAMBSPREAD-25NOV05USIBUT,settled,2025-11-06T02:35:45.206915Z,912,Southern Indiana at Butler: Spread,Sports,KXNCAAMBSPREAD,2025-11-06T02:35:45.458262Z
KXNCAAMBSPREAD-25NOV05USIBUT-BUT29,KXNCAAMBSPREAD-25NOV05USIBUT,settled,2025-11-06T02:35:44.96382Z,2675,Southern Indiana at Butler: Spread,Sports,KXNCAAMBSPREAD,2025-11-06T02:35:45.458262Z
KXNCAAMBSPREAD-25NOV05USIBUT-BUT26,KXNCAAMBSPREAD-25NOV05USIBUT,settled,2025-11-06T02:35:44.811045Z,1742,Southern Indiana at Butler: Spread,Sports,KXNCAAMBSPREAD,2025-11-06T02:35:45.458262Z
KXNCAAMBSPREAD-25NOV05USIBUT-BUT23,KXNCAAMBSPREAD-25NOV05USIBUT,settled,2025-11-06T02:35:44.630942Z,2895,Southern Indiana at Butler: Spread,Sports,KXNCAAMBSPREAD,2025-11-06T02:35:45.458262Z
KXNCAAMBSPREAD-25NOV05USIBUT-BUT20,KXNCAAMBSPREAD-25NOV05USIBUT,settled,2025-11-06T02:35:44.4302Z,2045,Southern Indiana at Butler: Spread,Sports,KXNCAAMBSPREAD,2025-11-06T02:35:45.458262Z
KXNCAAMBSPREAD-25NOV05USIBUT-BUT17,KXNCAAMBSPREAD-25NOV05USIBUT,settled,2025-11-06T02:35:44.203098Z,301,Southern Indiana at Butler: Spread,Sports,KXNCAAMBSPREAD,2025-11-06T02:35:45.458262Z
KXNCAAMBSPREAD-25NOV05USIBUT-BUT14,KXNCAAMBSPREAD-25NOV05USIBUT,settled,2025-11-06T02:35:43.971929Z,250,Southern Indiana at Butler: Spread,Sports,KXNCAAMBSPREAD,2025-11-06T02:35:45.458262Z
KXNCAAMBSPREAD-25NOV05USIBUT-BUT11,KXNCAAMBSPREAD-25NOV05USIBUT,settled,2025-11-06T02:35:43.802748Z,250,Southern Indiana at Butler: Spread,Sports,KXNCAAMBSPREAD,2025-11-06T02:35:45.458262Z
KXNCAAMBTOTAL-25NOV05RIDRUTG-161,KXNCAAMBTOTAL-25NOV05RIDRUTG,settled,2025-11-06T02:50:34.542542Z,200,Rider at Rutgers: Total Points,Sports,KXNCAAMBTOTAL,2025-11-06T02:50:34.542542Z
KXNCAAMBTOTAL-25NOV05RIDRUTG-158,KXNCAAMBTOTAL-25NOV05RIDRUTG,settled,2025-11-06T02:50:34.395897Z,246,Rider at Rutgers: Total Points,Sports,KXNCAAMBTOTAL,2025-11-06T02:50:34.542542Z
KXNCAAMBTOTAL-25NOV05RIDRUTG-155,KXNCAAMBTOTAL-25NOV05RIDRUTG,settled,2025-11-06T02:50:34.249875Z,326,Rider at Rutgers: Total Points,Sports,KXNCAAMBTOTAL,2025-11-06T02:50:34.542542Z
KXNCAAMBTOTAL-25NOV05RIDRUTG-152,KXNCAAMBTOTAL-25NOV05RIDRUTG,settled,2025-11-06T02:50:34.137482Z,200,Rider at Rutgers: Total Points,Sports,KXNCAAMBTOTAL,2025-11-06T02:50:34.542542Z
KXNCAAMBTOTAL-25NOV05RIDRUTG-149,KXNCAAMBTOTAL-25NOV05RIDRUTG,settled,2025-11-06T02:50:33.960578Z,252,Rider at Rutgers: Total Points,Sports,KXNCAAMBTOTAL,2025-11-06T02:50:34.542542Z
