ticker,event_ticker,category,event_time,vol_total,vol_24h,vol_4h,vol_1h,n_trades_1h,max_trade_size_1h,net_yes_volume_1h,vol_30m,n_trades_30m,max_trade_size_30m,net_yes_volume_30m,price_change_30m
KXTRUMPMENTION-25NOV07-NEW,KXTRUMPMENTION-25NOV07,Mentions,2025-11-05 21:11:28.488701+00:00,4335,4335,4078,187,1,187,-187,0,0,0,0,0.0
KXTRUMPMENTIONB-25NOV06-COMM,KXTRUMPMENTIONB-25NOV06,Mentions,2025-11-06 01:51:47.503473+00:00,4008,4008,2982,161,3,93,-161,68,2,58,-68,0.08999999999999997
KXMAMDANIMENTION-25NOV06-SOCI,KXMAMDANIMENTION-25NOV06,Mentions,2025-11-05 20:44:44.617940+00:00,2491,2491,1951,249,3,100,249,0,0,0,0,0.0
KXMAMDANIMENTION-25NOV06-VICT,KXMAMDANIMENTION-25NOV06,Mentions,2025-11-05 20:44:44.617940+00:00,2254,2254,1875,23,1,23,23,23,1,23,23,-0.65
KXMAMDANIMENTION-25NOV06-TRUM,KXMAMDANIMENTION-25NOV06,Mentions,2025-11-05 20:44:44.617940+00:00,2247,2247,271,31,1,31,-31,0,0,0,0,0.0
KXMAMDANIMENTION-25NOV06-QUEE,KXMAMDANIMENTION-25NOV06,Mentions,2025-11-05 20:44:44.617940+00:00,1800,1800,1388,0,0,0,0,0,0,0,0,0.0
KXMAMDANIMENTION-25NOV06-NYPD,KXMAMDANIMENTION-25NOV06,Mentions,2025-11-05 20:44:44.617940+00:00,7310,7310,6435,11,1,11,11,11,1,11,11,-0.09999999999999999
KXMAMDANIMENTION-25NOV06-MUSL,KXMAMDANIMENTION-25NOV06,Mentions,2025-11-05 20:44:44.617940+00:00,2092,2092,1464,0,0,0,0,0,0,0,0,0.0
KXMAMDANIMENTION-25NOV06-KATH,KXMAMDANIMENTION-25NOV06,Mentions,2025-11-05 20:44:44.617940+00:00,1999,1999,1639,0,0,0,0,0,0,0,0,0.0
KXMAMDANIMENTION-25NOV06-ISLA,KXMAMDANIMENTION-25NOV06,Mentions,2025-11-05 20:44:44.617940+00:00,1162,1162,1056,0,0,0,0,0,0,0,0,0.0
KXMAMDANIMENTION-25NOV06-INEQ,KXMAMDANIMENTION-25NOV06,Mentions,2025-11-05 20:44:44.617940+00:00,2639,2639,1963,0,0,0,0,0,0,0,0,0.0
KXMAMDANIMENTION-25NOV06-GROC,KXMAMDANIMENTION-25NOV06,Mentions,2025-11-05 20:44:44.617940+00:00,1892,1892,92,0,0,0,0,0,0,0,0,0.0
KXMAMDANIMENTION-25NOV06-FREE,KXMAMDANIMENTION-25NOV06,Mentions,2025-11-05 20:44:44.617940+00:00,2021,2021,1906,0,0,0,0,0,0,0,0,0.0
KXMAMDANIMENTION-25NOV06-FIVE,KXMAMDANIMENTION-25NOV06,Mentions,2025-11-05 20:44:44.617940+00:00,1821,1821,121,0,0,0,0,0,0,0,0,0.0
KXMAMDANIMENTION-25NOV06-DOUB,KXMAMDANIMENTION-25NOV06,Mentions,2025-11-05 20:44:44.617940+00:00,2441,2441,6,0,0,0,0,0,0,0,0,0.0
KXMAMDANIMENTION-25NOV06-CUOM,KXMAMDANIMENTION-25NOV06,Mentions,2025-11-05 20:44:44.617940+00:00,6342,6342,5136,0,0,0,0,0,0,0,0,0.0
KXMAMDANIMENTION-25NOV06-BILL,KXMAMDANIMENTION-25NOV06,Mentions,2025-11-05 20:44:44.617940+00:00,1743,1743,1426,0,0,0,0,0,0,0,0,0.0
KXMAMDANIMENTION-25NOV06-BERN,KXMAMDANIMENTION-25NOV06,Mentions,2025-11-05 20:44:44.617940+00:00,1076,1076,782,0,0,0,0,0,0,0,0,0.0
KXMAMDANIMENTION-25NOV06-ADAM,KXMAMDANIMENTION-25NOV06,Mentions,2025-11-05 20:44:44.617940+00:00,2030,2030,465,0,0,0,0,0,0,0,0,0.0
KXWTAMATCH-25NOV05RYBALE-RYB,KXWTAMATCH-25NOV05RYBALE,Sports,2025-11-05 15:31:02.651018+00:00,48343,48343,48343,48294,163,3000,506,38714,96,3000,-6346,0.12
KXWTAMATCH-25NOV05RYBALE-ALE,KXWTAMATCH-25NOV05RYBALE,Sports,2025-11-05 15:31:02.651018+00:00,32490,32490,32490,32395,195,1500,11085,22706,114,1500,4008,-0.4
KXNCAAMBTOTAL-25NOV05DSUTEM-169,KXNCAAMBTOTAL-25NOV05DSUTEM,Sports,2025-11-06 02:31:14.320411+00:00,200,200,200,0,0,0,0,0,0,0,0,0.0
KXNCAAMBTOTAL-25NOV05DSUTEM-166,KXNCAAMBTOTAL-25NOV05DSUTEM,Sports,2025-11-06 02:31:14.320411+00:00,200,200,200,0,0,0,0,0,0,0,0,0.0
KXNCAAMBTOTAL-25NOV05DSUTEM-163,KXNCAAMBTOTAL-25NOV05DSUTEM,Sports,2025-11-06 02:31:14.320411+00:00,200,200,200,0,0,0,0,0,0,0,0,0.0
KXNCAAMBTOTAL-25NOV05DSUTEM-160,KXNCAAMBTOTAL-25NOV05DSUTEM,Sports,2025-11-06 02:31:14.320411+00:00,200,200,200,0,0,0,0,0,0,0,0,0.0
KXNCAAMBTOTAL-25NOV05DSUTEM-157,KXNCAAMBTOTAL-25NOV05DSUTEM,Sports,2025-11-06 02:31:14.320411+00:00,200,200,200,180,2,179,-180,0,0,0,0,0.0
KXNCAAMBTOTAL-25NOV05DSUTEM-154,KXNCAAMBTOTAL-25NOV05DSUTEM,Sports,2025-11-06 02:31:14.320411+00:00,729,729,607,198,1,198,-198,0,0,0,0,0.0
KXNCAAMBTOTAL-25NOV05DSUTEM-151,KXNCAAMBTOTAL-25NOV05DSUTEM,Sports,2025-11-06 02:31:14.320411+00:00,395,395,250,200,2,199,-200,0,0,0,0,0.0
KXNCAAMBTOTAL-25NOV05DSUTEM-148,KXNCAAMBTOTAL-25NOV05DSUTEM,Sports,2025-11-06 02:31:14.320411+00:00,244,244,244,244,6,190,-238,0,0,0,0,0.0
KXNCAAMBTOTAL-25NOV05DSUTEM-145,KXNCAAMBTOTAL-25NOV05DSUTEM,Sports,2025-11-06 02:31:14.320411+00:00,300,300,300,200,2,199,200,0,0,0,0,0.0
KXNCAAMBTOTAL-25NOV05DSUTEM-142,KXNCAAMBTOTAL-25NOV05DSUTEM,Sports,2025-11-06 02:31:14.320411+00:00,349,349,349,249,2,200,151,0,0,0,0,0.0
KXNCAAMBTOTAL-25NOV05DSUTEM-139,KXNCAAMBTOTAL-25NOV05DSUTEM,Sports,2025-11-06 02:31:14.320411+00:00,722,722,722,701,4,500,699,0,0,0,0,0.0
KXNCAAMBSPREAD-25NOV05DSUTEM-TEM8,KXNCAAMBSPREAD-25NOV05DSUTEM,Sports,2025-11-06 02:31:15.663169+00:00,523,523,523,450,3,200,450,0,0,0,0,0.0
KXNCAAMBSPREAD-25NOV05DSUTEM-TEM5,KXNCAAMBSPREAD-25NOV05DSUTEM,Sports,2025-11-06 02:31:15.663169+00:00,250,250,250,250,2,200,250,0,0,0,0,0.0
KXNCAAMBSPREAD-25NOV05DSUTEM-TEM32,KXNCAAMBSPREAD-25NOV05DSUTEM,Sports,2025-11-06 02:31:15.663169+00:00,250,250,250,250,2,200,-250,0,0,0,0,0.0
KXNCAAMBSPREAD-25NOV05DSUTEM-TEM29,KXNCAAMBSPREAD-25NOV05DSUTEM,Sports,2025-11-06 02:31:15.663169+00:00,250,250,250,250,3,199,-250,0,0,0,0,0.0
KXNCAAMBSPREAD-25NOV05DSUTEM-TEM26,KXNCAAMBSPREAD-25NOV05DSUTEM,Sports,2025-11-06 02:31:15.663169+00:00,615,615,615,250,3,199,-250,0,0,0,0,0.0
KXNCAAMBSPREAD-25NOV05DSUTEM-TEM23,KXNCAAMBSPREAD-25NOV05DSUTEM,Sports,2025-11-06 02:31:15.663169+00:00,250,250,250,250,2,200,-250,0,0,0,0,0.0
KXNCAAMBSPREAD-25NOV05DSUTEM-TEM20,KXNCAAMBSPREAD-25NOV05DSUTEM,Sports,2025-11-06 02:31:15.663169+00:00,393,393,393,250,2,200,-250,0,0,0,0,0.0
KXNCAAMBSPREAD-25NOV05DSUTEM-TEM2,KXNCAAMBSPREAD-25NOV05DSUTEM,Sports,2025-11-06 02:31:15.663169+00:00,250,250,250,250,2,200,250,0,0,0,0,0.0
KXNCAAMBSPREAD-25NOV05DSUTEM-TEM17,KXNCAAMBSPREAD-25NOV05DSUTEM,Sports,2025-11-06 02:31:15.663169+00:00,1434,1434,1229,750,4,500,750,0,0,0,0,0.0
KXNCAAMBSPREAD-25NOV05DSUTEM-TEM14,KXNCAAMBSPREAD-25NOV05DSUTEM,Sports,2025-11-06 02:31:15.663169+00:00,1008,1008,967,320,4,200,320,0,0,0,0,0.0
KXNCAAMBSPREAD-25NOV05DSUTEM-TEM11,KXNCAAMBSPREAD-25NOV05DSUTEM,Sports,2025-11-06 02:31:15.663169+00:00,307,307,300,300,5,199,300,0,0,0,0,0.0
KXNCAAMBTOTAL-25NOV05UMESUGA-156,KXNCAAMBTOTAL-25NOV05UMESUGA,Sports,2025-11-06 02:35:38.710501+00:00,200,200,200,0,0,0,0,0,0,0,0,0.0
KXNCAAMBTOTAL-25NOV05UMESUGA-153,KXNCAAMBTOTAL-25NOV05UMESUGA,Sports,2025-11-06 02:35:38.710501+00:00,200,200,200,0,0,0,0,0,0,0,0,0.0
KXNCAAMBTOTAL-25NOV05UMESUGA-150,KXNCAAMBTOTAL-25NOV05UMESUGA,Sports,2025-11-06 02:35:38.710501+00:00,200,200,200,0,0,0,0,0,0,0,0,0.0
KXNCAAMBTOTAL-25NOV05UMESUGA-147,KXNCAAMBTOTAL-25NOV05UMESUGA,Sports,2025-11-06 02:35:38.710501+00:00,200,200,200,0,0,0,0,0,0,0,0,0.0
KXNCAAMBTOTAL-25NOV05UMESUGA-144,KXNCAAMBTOTAL-25NOV05UMESUGA,Sports,2025-11-06 02:35:38.710501+00:00,216,216,216,200,1,200,-200,0,0,0,0,0.0
KXNCAAMBTOTAL-25NOV05UMESUGA-141,KXNCAAMBTOTAL-25NOV05UMESUGA,Sports,2025-11-06 02:35:38.710501+00:00,643,643,625,200,1,200,-200,0,0,0,0,0.0
KXNCAAMBTOTAL-25NOV05UMESUGA-138,KXNCAAMBTOTAL-25NOV05UMESUGA,Sports,2025-11-06 02:35:38.710501+00:00,200,200,200,200,1,200,-200,0,0,0,0,0.0
KXNCAAMBTOTAL-25NOV05UMESUGA-135,KXNCAAMBTOTAL-25NOV05UMESUGA,Sports,2025-11-06 02:35:38.710501+00:00,200,200,200,200,1,200,-200,0,0,0,0,0.0
KXNCAAMBTOTAL-25NOV05UMESUGA-132,KXNCAAMBTOTAL-25NOV05UMESUGA,Sports,2025-11-06 02:35:38.710501+00:00,200,200,200,200,1,200,-200,0,0,0,0,0.0
KXNCAAMBTOTAL-25NOV05UMESUGA-129,KXNCAAMBTOTAL-25NOV05UMESUGA,Sports,2025-11-06 02:35:38.710501+00:00,200,200,200,200,2,199,-200,0,0,0,0,0.0
KXNCAAMBTOTAL-25NOV05UMESUGA-126,KXNCAAMBTOTAL-25NOV05UMESUGA,Sports,2025-11-06 02:35:38.710501+00:00,700,700,700,700,2,500,-700,0,0,0,0,0.0
KXNCAAMBSPREAD-25NOV05UMESUGA-UGA44,KXNCAAMBSPREAD-25NOV05UMESUGA,Sports,2025-11-06 02:35:45.831980+00:00,250,250,250,250,3,168,250,0,0,0,0,0.0
KXNCAAMBSPREAD-25NOV05UMESUGA-UGA41,KXNCAAMBSPREAD-25NOV05UMESUGA,Sports,2025-11-06 02:35:45.831980+00:00,250,250,250,250,2,200,250,0,0,0,0,0.0
KXNCAAMBSPREAD-25NOV05UMESUGA-UGA38,KXNCAAMBSPREAD-25NOV05UMESUGA,Sports,2025-11-06 02:35:45.831980+00:00,250,250,250,250,2,200,250,0,0,0,0,0.0
KXNCAAMBSPREAD-25NOV05UMESUGA-UGA35,KXNCAAMBSPREAD-25NOV05UMESUGA,Sports,2025-11-06 02:35:45.831980+00:00,335,335,335,250,3,200,250,0,0,0,0,0.0
KXNCAAMBSPREAD-25NOV05UMESUGA-UGA32,KXNCAAMBSPREAD-25NOV05UMESUGA,Sports,2025-11-06 02:35:45.831980+00:00,754,754,387,250,4,199,250,0,0,0,0,0.0
KXNCAAMBSPREAD-25NOV05UMESUGA-UGA29,KXNCAAMBSPREAD-25NOV05UMESUGA,Sports,2025-11-06 02:35:45.831980+00:00,688,688,507,229,2,200,229,0,0,0,0,0.0
KXNCAAMBSPREAD-25NOV05UMESUGA-UGA26,KXNCAAMBSPREAD-25NOV05UMESUGA,Sports,2025-11-06 02:35:45.831980+00:00,250,250,250,250,2,200,250,0,0,0,0,0.0
KXNCAAMBSPREAD-25NOV05UMESUGA-UGA23,KXNCAAMBSPREAD-25NOV05UMESUGA,Sports,2025-11-06 02:35:45.831980+00:00,250,250,250,250,2,200,250,0,0,0,0,0.0
KXNCAAMBSPREAD-25NOV05UMESUGA-UGA20,KXNCAAMBSPREAD-25NOV05UMESUGA,Sports,2025-11-06 02:35:45.831980+00:00,250,250,250,250,2,200,250,0,0,0,0,0.0
KXNCAAMBSPREAD-25NOV05UMESUGA-UGA17,KXNCAAMBSPREAD-25NOV05UMESUGA,Sports,2025-11-06 02:35:45.831980+00:00,250,250,250,0,0,0,0,0,0,0,0,0.0
KXNCAAMBSPREAD-25NOV05UMESUGA-UGA14,KXNCAAMBSPREAD-25NOV05UMESUGA,Sports,2025-11-06 02:35:45.831980+00:00,250,250,250,0,0,0,0,0,0,0,0,0.0
KXNCAAMBTOTAL-25NOV05COPPLAS-157,KXNCAAMBTOTAL-25NOV05COPPLAS,Sports,2025-11-06 02:16:02.207271+00:00,200,200,200,0,0,0,0,0,0,0,0,0.0
KXNCAAMBTOTAL-25NOV05COPPLAS-154,KXNCAAMBTOTAL-25NOV05COPPLAS,Sports,2025-11-06 02:16:02.207271+00:00,200,200,200,0,0,0,0,0,0,0,0,0.0
KXNCAAMBTOTAL-25NOV05COPPLAS-151,KXNCAAMBTOTAL-25NOV05COPPLAS,Sports,2025-11-06 02:16:02.207271+00:00,200,200,200,0,0,0,0,0,0,0,0,0.0
KXNCAAMBTOTAL-25NOV05COPPLAS-148,KXNCAAMBTOTAL-25NOV05COPPLAS,Sports,2025-11-06 02:16:02.207271+00:00,200,200,200,0,0,0,0,0,0,0,0,0.0
KXNCAAMBTOTAL-25NOV05COPPLAS-145,KXNCAAMBTOTAL-25NOV05COPPLAS,Sports,2025-11-06 02:16:02.207271+00:00,450,450,450,250,2,200,250,0,0,0,0,0.0
KXNCAAMBTOTAL-25NOV05COPPLAS-142,KXNCAAMBTOTAL-25NOV05COPPLAS,Sports,2025-11-06 02:16:02.207271+00:00,4149,4149,2456,282,4,190,118,0,0,0,0,0.0
KXNCAAMBTOTAL-25NOV05COPPLAS-139,KXNCAAMBTOTAL-25NOV05COPPLAS,Sports,2025-11-06 02:16:02.207271+00:00,1765,1765,1412,550,2,350,-150,0,0,0,0,0.0
KXNCAAMBTOTAL-25NOV05COPPLAS-136,KXNCAAMBTOTAL-25NOV05COPPLAS,Sports,2025-11-06 02:16:02.207271+00:00,547,547,547,200,1,200,200,0,0,0,0,0.0
KXNCAAMBTOTAL-25NOV05COPPLAS-133,KXNCAAMBTOTAL-25NOV05COPPLAS,Sports,2025-11-06 02:16:02.207271+00:00,400,400,400,200,2,195,200,0,0,0,0,0.0
KXNCAAMBTOTAL-25NOV05COPPLAS-130,KXNCAAMBTOTAL-25NOV05COPPLAS,Sports,2025-11-06 02:16:02.207271+00:00,480,480,400,200,1,200,200,0,0,0,0,0.0
KXNCAAMBTOTAL-25NOV05COPPLAS-127,KXNCAAMBTOTAL-25NOV05COPPLAS,Sports,2025-11-06 02:16:02.207271+00:00,3010,3010,3010,221,2,200,221,0,0,0,0,0.0
KXNCAAMBSPREAD-25NOV05COPPLAS-LAS9,KXNCAAMBSPREAD-25NOV05COPPLAS,Sports,2025-11-06 02:16:19.705512+00:00,250,250,250,0,0,0,0,0,0,0,0,0.0
KXNCAAMBSPREAD-25NOV05COPPLAS-LAS6,KXNCAAMBSPREAD-25NOV05COPPLAS,Sports,2025-11-06 02:16:19.705512+00:00,250,250,250,0,0,0,0,0,0,0,0,0.0
KXNCAAMBSPREAD-25NOV05COPPLAS-LAS30,KXNCAAMBSPREAD-25NOV05COPPLAS,Sports,2025-11-06 02:16:19.705512+00:00,250,250,250,250,3,200,-250,0,0,0,0,0.0
KXNCAAMBSPREAD-25NOV05COPPLAS-LAS3,KXNCAAMBSPREAD-25NOV05COPPLAS,Sports,2025-11-06 02:16:19.705512+00:00,250,250,250,0,0,0,0,0,0,0,0,0.0
KXNCAAMBSPREAD-25NOV05COPPLAS-LAS27,KXNCAAMBSPREAD-25NOV05COPPLAS,Sports,2025-11-06 02:16:19.705512+00:00,250,250,250,250,2,200,250,0,0,0,0,0.0
KXNCAAMBSPREAD-25NOV05COPPLAS-LAS24,KXNCAAMBSPREAD-25NOV05COPPLAS,Sports,2025-11-06 02:16:19.705512+00:00,791,791,791,499,10,200,1,0,0,0,0,0.0
KXNCAAMBSPREAD-25NOV05COPPLAS-LAS21,KXNCAAMBSPREAD-25NOV05COPPLAS,Sports,2025-11-06 02:16:19.705512+00:00,255,255,255,200,2,190,200,0,0,0,0,0.0
KXNCAAMBSPREAD-25NOV05COPPLAS-LAS18,KXNCAAMBSPREAD-25NOV05COPPLAS,Sports,2025-11-06 02:16:19.705512+00:00,2308,2308,1894,0,0,0,0,0,0,0,0,0.0
KXNCAAMBSPREAD-25NOV05COPPLAS-LAS15,KXNCAAMBSPREAD-25NOV05COPPLAS,Sports,2025-11-06 02:16:19.705512+00:00,4982,4982,1761,5,1,5,5,0,0,0,0,0.0
KXNCAAMBSPREAD-25NOV05COPPLAS-LAS12,KXNCAAMBSPREAD-25NOV05COPPLAS,Sports,2025-11-06 02:16:19.705512+00:00,250,250,250,0,0,0,0,0,0,0,0,0.0
KXNBATOTAL-25NOV05PHICLE-248,KXNBATOTAL-25NOV05PHICLE,Sports,2025-11-06 02:45:38.915803+00:00,30777,30777,29226,11477,103,800,-853,5120,46,800,1820,0.68
KXNBATOTAL-25NOV05PHICLE-245,KXNBATOTAL-25NOV05PHICLE,Sports,2025-11-06 02:45:38.915803+00:00,10325,10325,9907,3872,20,1512,-1514,2624,11,1512,-1604,0.2
KXNBATOTAL-25NOV05PHICLE-242,KXNBATOTAL-25NOV05PHICLE,Sports,2025-11-06 02:45:38.915803+00:00,11179,11179,10991,3472,22,546,-1066,604,4,500,496,0.62
KXNBATOTAL-25NOV05PHICLE-239,KXNBATOTAL-25NOV05PHICLE,Sports,2025-11-06 02:45:38.915803+00:00,7087,7087,7087,2418,16,500,1450,603,4,404,397,0.54
KXNBATOTAL-25NOV05PHICLE-236,KXNBATOTAL-25NOV05PHICLE,Sports,2025-11-06 02:45:38.915803+00:00,55246,55246,46054,8440,20,5000,4180,7204,6,5000,3250,0.55
KXNBATOTAL-25NOV05PHICLE-233,KXNBATOTAL-25NOV05PHICLE,Sports,2025-11-06 02:45:38.915803+00:00,66470,66470,31548,3135,21,935,-1083,705,3,467,-705,0.48
KXNBATOTAL-25NOV05PHICLE-230,KXNBATOTAL-25NOV05PHICLE,Sports,2025-11-06 02:45:38.915803+00:00,2372,2372,2046,1301,3,701,-101,0,0,0,0,0.0
KXNBATOTAL-25NOV05PHICLE-227,KXNBATOTAL-25NOV05PHICLE,Sports,2025-11-06 02:45:38.915803+00:00,12437,12437,12266,1180,6,477,174,0,0,0,0,0.0
KXNBATOTAL-25NOV05PHICLE-224,KXNBATOTAL-25NOV05PHICLE,Sports,2025-11-06 02:45:38.915803+00:00,6293,6293,6193,5224,4,4175,-4224,49,1,49,-49,0.26
KXNBATOTAL-25NOV05PHICLE-221,KXNBATOTAL-25NOV05PHICLE,Sports,2025-11-06 02:45:38.915803+00:00,954,954,714,217,2,200,217,0,0,0,0,0.0
KXNBATOTAL-25NOV05PHICLE-218,KXNBATOTAL-25NOV05PHICLE,Sports,2025-11-06 02:45:38.915803+00:00,7342,7342,6549,2364,9,935,-2164,0,0,0,0,0.0
KXNBASPREAD-25NOV05PHICLE-PHI5,KXNBASPREAD-25NOV05PHICLE,Sports,2025-11-06 02:45:41.008688+00:00,3730,3730,2311,500,4,300,-500,0,0,0,0,0.0
KXNBASPREAD-25NOV05PHICLE-PHI2,KXNBASPREAD-25NOV05PHICLE,Sports,2025-11-06 02:45:41.008688+00:00,2015,2015,1481,500,1,500,-500,0,0,0,0,0.0
KXNBASPREAD-25NOV05PHICLE-CLE7,KXNBASPREAD-25NOV05PHICLE,Sports,2025-11-06 02:45:41.008688+00:00,7148,7148,4321,1390,10,419,1370,510,4,419,490,0.39
KXNBASPREAD-25NOV05PHICLE-CLE4,KXNBASPREAD-25NOV05PHICLE,Sports,2025-11-06 02:45:41.008688+00:00,1624,1624,1440,564,3,500,564,0,0,0,0,0.0
KXNBASPREAD-25NOV05PHICLE-CLE25,KXNBASPREAD-25NOV05PHICLE,Sports,2025-11-06 02:45:41.008688+00:00,3879,3879,3778,3000,16,500,-2460,636,3,439,-364,-0.1
KXNBASPREAD-25NOV05PHICLE-CLE22,KXNBASPREAD-25NOV05PHICLE,Sports,2025-11-06 02:45:41.008688+00:00,8870,8870,8743,7577,30,500,-171,1613,11,500,383,0.1
KXNBASPREAD-25NOV05PHICLE-CLE19,KXNBASPREAD-25NOV05PHICLE,Sports,2025-11-06 02:45:41.008688+00:00,7734,7734,7086,5775,31,500,921,1953,15,500,-1515,0.3500000000000001
KXNBASPREAD-25NOV05PHICLE-CLE16,KXNBASPREAD-25NOV05PHICLE,Sports,2025-11-06 02:45:41.008688+00:00,15998,15998,15921,5035,26,675,1831,2092,15,500,-278,0.38000000000000006
KXNBASPREAD-25NOV05PHICLE-CLE13,KXNBASPREAD-25NOV05PHICLE,Sports,2025-11-06 02:45:41.008688+00:00,18486,18486,16620,7112,39,1035,2032,6153,24,1035,1701,0.44000000000000006
KXNBASPREAD-25NOV05PHICLE-CLE10,KXNBASPREAD-25NOV05PHICLE,Sports,2025-11-06 02:45:41.008688+00:00,89639,89639,48181,7232,44,967,2340,2119,14,411,-319,0.45999999999999996
KXNBASPREAD-25NOV05PHICLE-CLE1,KXNBASPREAD-25NOV05PHICLE,Sports,2025-11-06 02:45:41.008688+00:00,1281,1281,1128,526,4,420,526,0,0,0,0,0.0
KXNBATOTAL-25NOV05WASBOS-244,KXNBATOTAL-25NOV05WASBOS,Sports,2025-11-06 03:05:13.149363+00:00,3672,3672,3356,3352,30,1000,-1044,3352,30,1000,-1044,0.5
KXNBATOTAL-25NOV05WASBOS-241,KXNBATOTAL-25NOV05WASBOS,Sports,2025-11-06 03:05:13.149363+00:00,2407,2407,2407,2403,12,1000,769,2403,12,1000,769,-0.11000000000000004
KXNBATOTAL-25NOV05WASBOS-238,KXNBATOTAL-25NOV05WASBOS,Sports,2025-11-06 03:05:13.149363+00:00,13294,13294,6937,3705,40,500,583,2343,22,500,1415,-0.21
KXNBATOTAL-25NOV05WASBOS-235,KXNBATOTAL-25NOV05WASBOS,Sports,2025-11-06 03:05:13.149363+00:00,18714,18714,11385,6427,31,500,-181,3008,17,500,1892,-0.12
KXNBATOTAL-25NOV05WASBOS-232,KXNBATOTAL-25NOV05WASBOS,Sports,2025-11-06 03:05:13.149363+00:00,42201,42201,8436,2843,26,470,-1177,1673,11,470,-7,0.49999999999999994
KXNBATOTAL-25NOV05WASBOS-229,KXNBATOTAL-25NOV05WASBOS,Sports,2025-11-06 03:05:13.149363+00:00,7256,7256,4306,971,9,474,321,971,9,474,321,0.29999999999999993
KXNBATOTAL-25NOV05WASBOS-226,KXNBATOTAL-25NOV05WASBOS,Sports,2025-11-06 03:05:13.149363+00:00,942,942,923,669,4,500,385,669,4,500,385,0.35
KXNBATOTAL-25NOV05WASBOS-223,KXNBATOTAL-25NOV05WASBOS,Sports,2025-11-06 03:05:13.149363+00:00,938,938,938,900,3,500,900,900,3,500,900,0.29000000000000004
KXNBATOTAL-25NOV05WASBOS-220,KXNBATOTAL-25NOV05WASBOS,Sports,2025-11-06 03:05:13.149363+00:00,538,538,538,538,3,500,500,500,1,500,500,0.24
KXNBATOTAL-25NOV05WASBOS-217,KXNBATOTAL-25NOV05WASBOS,Sports,2025-11-06 03:05:13.149363+00:00,700,700,700,500,2,410,500,410,1,410,410,0.18999999999999995
KXNBATOTAL-25NOV05WASBOS-214,KXNBATOTAL-25NOV05WASBOS,Sports,2025-11-06 03:05:13.149363+00:00,2032,2032,1944,360,4,187,-172,23,1,23,-23,0.16999999999999993
KXNBASPREAD-25NOV05WASBOS-WAS5,KXNBASPREAD-25NOV05WASBOS,Sports,2025-11-06 03:05:17.059625+00:00,6959,6959,6516,0,0,0,0,0,0,0,0,0.0
KXNBASPREAD-25NOV05WASBOS-WAS2,KXNBASPREAD-25NOV05WASBOS,Sports,2025-11-06 03:05:17.059625+00:00,1708,1708,1618,500,2,455,-500,0,0,0,0,0.0
KXNBASPREAD-25NOV05WASBOS-BOS7,KXNBASPREAD-25NOV05WASBOS,Sports,2025-11-06 03:05:17.059625+00:00,11220,11220,11033,1360,7,445,1240,0,0,0,0,0.0
KXNBASPREAD-25NOV05WASBOS-BOS4,KXNBASPREAD-25NOV05WASBOS,Sports,2025-11-06 03:05:17.059625+00:00,7294,7294,7078,536,4,478,534,478,1,478,478,0.24
KXNBASPREAD-25NOV05WASBOS-BOS25,KXNBASPREAD-25NOV05WASBOS,Sports,2025-11-06 03:05:17.059625+00:00,27877,27877,27638,25917,43,2500,17641,15481,27,2500,10153,0.26
KXNBASPREAD-25NOV05WASBOS-BOS22,KXNBASPREAD-25NOV05WASBOS,Sports,2025-11-06 03:05:17.059625+00:00,24187,24187,24186,6830,20,1316,2816,4699,15,1000,3317,0.32999999999999996
KXNBASPREAD-25NOV05WASBOS-BOS19,KXNBASPREAD-25NOV05WASBOS,Sports,2025-11-06 03:05:17.059625+00:00,12189,12189,11989,6464,13,2120,1766,4212,10,500,4000,0.52
KXNBASPREAD-25NOV05WASBOS-BOS16,KXNBASPREAD-25NOV05WASBOS,Sports,2025-11-06 03:05:17.059625+00:00,17426,17426,17426,4740,11,2083,-340,1943,6,500,1857,0.41000000000000003
KXNBASPREAD-25NOV05WASBOS-BOS13,KXNBASPREAD-25NOV05WASBOS,Sports,2025-11-06 03:05:17.059625+00:00,44212,44212,20463,3073,18,500,1623,1134,6,500,586,0.49
KXNBASPREAD-25NOV05WASBOS-BOS10,KXNBASPREAD-25NOV05WASBOS,Sports,2025-11-06 03:05:17.059625+00:00,19057,19057,17674,3125,19,1134,579,602,4,485,468,0.41999999999999993
KXNBASPREAD-25NOV05WASBOS-BOS1,KXNBASPREAD-25NOV05WASBOS,Sports,2025-11-06 03:05:17.059625+00:00,3029,3029,2999,500,4,395,500,0,0,0,0,0.0
KXNBATOTAL-25NOV05BKNIND-247,KXNBATOTAL-25NOV05BKNIND,Sports,2025-11-06 02:55:06.754032+00:00,1699,1699,1662,572,4,500,-478,47,2,35,47,-0.18
KXNBATOTAL-25NOV05BKNIND-244,KXNBATOTAL-25NOV05BKNIND,Sports,2025-11-06 02:55:06.754032+00:00,1500,1500,1500,500,1,500,-500,0,0,0,0,0.0
KXNBATOTAL-25NOV05BKNIND-241,KXNBATOTAL-25NOV05BKNIND,Sports,2025-11-06 02:55:06.754032+00:00,1913,1913,1900,505,2,500,-505,500,1,500,-500,-0.27
KXNBATOTAL-25NOV05BKNIND-238,KXNBATOTAL-25NOV05BKNIND,Sports,2025-11-06 02:55:06.754032+00:00,2402,2402,2402,500,1,500,-500,500,1,500,-500,-0.18
KXNBATOTAL-25NOV05BKNIND-235,KXNBATOTAL-25NOV05BKNIND,Sports,2025-11-06 02:55:06.754032+00:00,3716,3716,3550,711,4,500,-627,711,4,500,-627,-0.42
KXNBATOTAL-25NOV05BKNIND-232,KXNBATOTAL-25NOV05BKNIND,Sports,2025-11-06 02:55:06.754032+00:00,95648,95648,12651,1344,13,477,-1340,614,4,477,-610,-0.48
KXNBATOTAL-25NOV05BKNIND-229,KXNBATOTAL-25NOV05BKNIND,Sports,2025-11-06 02:55:06.754032+00:00,16464,16464,15352,3257,21,1026,149,1917,8,1026,299,-0.52
KXNBATOTAL-25NOV05BKNIND-226,KXNBATOTAL-25NOV05BKNIND,Sports,2025-11-06 02:55:06.754032+00:00,4520,4520,4400,868,10,387,-452,604,6,387,-396,-0.64
KXNBATOTAL-25NOV05BKNIND-223,KXNBATOTAL-25NOV05BKNIND,Sports,2025-11-06 02:55:06.754032+00:00,7655,7655,7655,1192,10,500,-778,509,2,500,-491,-0.7
KXNBATOTAL-25NOV05BKNIND-220,KXNBATOTAL-25NOV05BKNIND,Sports,2025-11-06 02:55:06.754032+00:00,3542,3542,3510,1847,15,500,-1271,547,4,474,-453,-0.6799999999999999
KXNBATOTAL-25NOV05BKNIND-217,KXNBATOTAL-25NOV05BKNIND,Sports,2025-11-06 02:55:06.754032+00:00,15004,15004,13917,8140,85,1840,3820,3628,30,1840,1994,-0.039999999999999994
KXNBATOTAL-25NOV05UTADET-245,KXNBATOTAL-25NOV05UTADET,Sports,2025-11-06 02:50:21.691384+00:00,576,576,500,500,1,500,-500,0,0,0,0,0.0
KXNBATOTAL-25NOV05UTADET-242,KXNBATOTAL-25NOV05UTADET,Sports,2025-11-06 02:50:21.691384+00:00,500,500,500,500,2,495,-500,0,0,0,0,0.0
KXNBATOTAL-25NOV05UTADET-239,KXNBATOTAL-25NOV05UTADET,Sports,2025-11-06 02:50:21.691384+00:00,1116,1116,1116,500,1,500,-500,0,0,0,0,0.0
KXNBATOTAL-25NOV05UTADET-236,KXNBATOTAL-25NOV05UTADET,Sports,2025-11-06 02:50:21.691384+00:00,3370,3370,3349,588,3,500,-412,88,2,47,88,-0.42
KXNBATOTAL-25NOV05UTADET-233,KXNBATOTAL-25NOV05UTADET,Sports,2025-11-06 02:50:21.691384+00:00,16077,16077,12487,1977,14,862,299,1750,9,862,362,-0.44
KXNBATOTAL-25NOV05UTADET-230,KXNBATOTAL-25NOV05UTADET,Sports,2025-11-06 02:50:21.691384+00:00,7181,7181,5808,997,7,469,-821,557,4,469,-381,-0.48
KXNBATOTAL-25NOV05UTADET-227,KXNBATOTAL-25NOV05UTADET,Sports,2025-11-06 02:50:21.691384+00:00,3505,3505,3449,500,2,444,-500,444,1,444,-444,-0.61
KXNBATOTAL-25NOV05UTADET-224,KXNBATOTAL-25NOV05UTADET,Sports,2025-11-06 02:50:21.691384+00:00,2329,2329,1802,547,3,500,-453,547,3,500,-453,-0.07000000000000006
KXNBATOTAL-25NOV05UTADET-221,KXNBATOTAL-25NOV05UTADET,Sports,2025-11-06 02:50:21.691384+00:00,1586,1586,1571,500,1,500,-500,500,1,500,-500,-0.69
KXNBATOTAL-25NOV05UTADET-218,KXNBATOTAL-25NOV05UTADET,Sports,2025-11-06 02:50:21.691384+00:00,3997,3997,3853,644,4,498,-608,498,1,498,-498,-0.77
KXNBATOTAL-25NOV05UTADET-215,KXNBATOTAL-25NOV05UTADET,Sports,2025-11-06 02:50:21.691384+00:00,16571,16571,15648,11583,46,5000,-8283,8326,16,5000,-7150,-0.52
KXNBASPREAD-25NOV05BKNIND-IND9,KXNBASPREAD-25NOV05BKNIND,Sports,2025-11-06 02:55:08.052898+00:00,3725,3725,2684,604,7,500,-574,511,2,500,-489,0.0
KXNBASPREAD-25NOV05BKNIND-IND6,KXNBASPREAD-25NOV05BKNIND,Sports,2025-11-06 02:55:08.052898+00:00,30793,30793,19150,5496,18,1895,2850,4366,7,1895,3356,-0.48
KXNBASPREAD-25NOV05BKNIND-IND3,KXNBASPREAD-25NOV05BKNIND,Sports,2025-11-06 02:55:08.052898+00:00,12690,12690,9153,4037,32,600,-2077,1189,10,446,189,-0.62
KXNBASPREAD-25NOV05BKNIND-IND21,KXNBASPREAD-25NOV05BKNIND,Sports,2025-11-06 02:55:08.052898+00:00,2847,2847,2847,500,2,384,-500,0,0,0,0,0.0
KXNBASPREAD-25NOV05BKNIND-IND18,KXNBASPREAD-25NOV05BKNIND,Sports,2025-11-06 02:55:08.052898+00:00,3200,3200,3200,500,1,500,-500,0,0,0,0,0.0
KXNBASPREAD-25NOV05BKNIND-IND15,KXNBASPREAD-25NOV05BKNIND,Sports,2025-11-06 02:55:08.052898+00:00,1723,1723,1700,500,1,500,-500,0,0,0,0,0.0
KXNBASPREAD-25NOV05BKNIND-IND12,KXNBASPREAD-25NOV05BKNIND,Sports,2025-11-06 02:55:08.052898+00:00,1342,1342,1322,500,2,498,-500,0,0,0,0,0.0
KXNBASPREAD-25NOV05BKNIND-BKN9,KXNBASPREAD-25NOV05BKNIND,Sports,2025-11-06 02:55:08.052898+00:00,8059,8059,5077,3213,47,349,-1155,2567,26,349,-1161,0.23000000000000004
KXNBASPREAD-25NOV05BKNIND-BKN6,KXNBASPREAD-25NOV05BKNIND,Sports,2025-11-06 02:55:08.052898+00:00,3295,3295,2721,2672,28,500,1122,1173,13,403,857,0.31
KXNBASPREAD-25NOV05BKNIND-BKN3,KXNBASPREAD-25NOV05BKNIND,Sports,2025-11-06 02:55:08.052898+00:00,4548,4548,4489,4181,42,500,2963,872,11,364,188,0.65
KXNBASPREAD-25NOV05UTADET-UTA5,KXNBASPREAD-25NOV05UTADET,Sports,2025-11-06 02:50:20.874607+00:00,3087,3087,2057,575,6,496,-425,42,2,39,42,0.12
KXNBASPREAD-25NOV05UTADET-UTA2,KXNBASPREAD-25NOV05UTADET,Sports,2025-11-06 02:50:20.874607+00:00,1929,1929,1929,522,2,500,-478,500,1,500,-500,-0.21
KXNBASPREAD-25NOV05UTADET-DET7,KXNBASPREAD-25NOV05UTADET,Sports,2025-11-06 02:50:20.874607+00:00,7163,7163,6254,741,8,500,661,700,4,500,668,0.37
KXNBASPREAD-25NOV05UTADET-DET4,KXNBASPREAD-25NOV05UTADET,Sports,2025-11-06 02:50:20.874607+00:00,6800,6800,6401,2134,9,500,-306,700,2,500,700,0.26
KXNBASPREAD-25NOV05UTADET-DET25,KXNBASPREAD-25NOV05UTADET,Sports,2025-11-06 02:50:20.874607+00:00,556,556,556,0,0,0,0,0,0,0,0,0.0
KXNBASPREAD-25NOV05UTADET-DET22,KXNBASPREAD-25NOV05UTADET,Sports,2025-11-06 02:50:20.874607+00:00,700,700,700,500,1,500,-500,0,0,0,0,0.0
KXNBASPREAD-25NOV05UTADET-DET19,KXNBASPREAD-25NOV05UTADET,Sports,2025-11-06 02:50:20.874607+00:00,1165,1165,518,500,1,500,-500,500,1,500,-500,-0.22999999999999998
KXNBASPREAD-25NOV05UTADET-DET16,KXNBASPREAD-25NOV05UTADET,Sports,2025-11-06 02:50:20.874607+00:00,1113,1113,1069,527,2,500,-473,500,1,500,-500,-0.31
KXNBASPREAD-25NOV05UTADET-DET13,KXNBASPREAD-25NOV05UTADET,Sports,2025-11-06 02:50:20.874607+00:00,6198,6198,6118,1030,6,500,-1030,472,2,462,-472,-0.38
KXNBASPREAD-25NOV05UTADET-DET10,KXNBASPREAD-25NOV05UTADET,Sports,2025-11-06 02:50:20.874607+00:00,58493,58493,27199,13552,56,2500,5210,3861,27,500,1837,-0.27999999999999997
KXNBASPREAD-25NOV05UTADET-DET1,KXNBASPREAD-25NOV05UTADET,Sports,2025-11-06 02:50:20.874607+00:00,970,970,970,518,3,500,504,500,1,500,500,0.19999999999999996
KXNCAAMBTOTAL-25NOV05USIBUT-170,KXNCAAMBTOTAL-25NOV05USIBUT,Sports,2025-11-06 02:35:38.151358+00:00,200,200,200,200,1,200,-200,0,0,0,0,0.0
KXNCAAMBTOTAL-25NOV05USIBUT-167,KXNCAAMBTOTAL-25NOV05USIBUT,Sports,2025-11-06 02:35:38.151358+00:00,200,200,200,200,1,200,-200,0,0,0,0,0.0
KXNCAAMBTOTAL-25NOV05USIBUT-164,KXNCAAMBTOTAL-25NOV05USIBUT,Sports,2025-11-06 02:35:38.151358+00:00,200,200,200,200,1,200,-200,0,0,0,0,0.0
KXNCAAMBTOTAL-25NOV05USIBUT-161,KXNCAAMBTOTAL-25NOV05USIBUT,Sports,2025-11-06 02:35:38.151358+00:00,350,350,350,200,1,200,-200,0,0,0,0,0.0
KXNCAAMBTOTAL-25NOV05USIBUT-158,KXNCAAMBTOTAL-25NOV05USIBUT,Sports,2025-11-06 02:35:38.151358+00:00,377,377,377,200,1,200,-200,0,0,0,0,0.0
KXNCAAMBTOTAL-25NOV05USIBUT-155,KXNCAAMBTOTAL-25NOV05USIBUT,Sports,2025-11-06 02:35:38.151358+00:00,6755,6755,6589,262,2,200,-138,62,1,62,62,-0.39
KXNCAAMBTOTAL-25NOV05USIBUT-152,KXNCAAMBTOTAL-25NOV05USIBUT,Sports,2025-11-06 02:35:38.151358+00:00,675,675,675,428,3,200,28,0,0,0,0,0.0
KXNCAAMBTOTAL-25NOV05USIBUT-149,KXNCAAMBTOTAL-25NOV05USIBUT,Sports,2025-11-06 02:35:38.151358+00:00,225,225,225,200,1,200,-200,0,0,0,0,0.0
KXNCAAMBTOTAL-25NOV05USIBUT-146,KXNCAAMBTOTAL-25NOV05USIBUT,Sports,2025-11-06 02:35:38.151358+00:00,329,329,200,200,1,200,-200,0,0,0,0,0.0
KXNCAAMBTOTAL-25NOV05USIBUT-143,KXNCAAMBTOTAL-25NOV05USIBUT,Sports,2025-11-06 02:35:38.151358+00:00,200,200,200,200,1,200,200,0,0,0,0,0.0
KXNCAAMBTOTAL-25NOV05USIBUT-140,KXNCAAMBTOTAL-25NOV05USIBUT,Sports,2025-11-06 02:35:38.151358+00:00,200,200,180,180,1,180,180,0,0,0,0,0.0
KXNCAAMBSPREAD-25NOV05USIBUT-BUT8,KXNCAAMBSPREAD-25NOV05USIBUT,Sports,2025-11-06 02:35:45.458262+00:00,250,250,250,0,0,0,0,0,0,0,0,0.0
KXNCAAMBSPREAD-25NOV05USIBUT-BUT5,KXNCAAMBSPREAD-25NOV05USIBUT,Sports,2025-11-06 02:35:45.458262+00:00,250,250,240,0,0,0,0,0,0,0,0,0.0
KXNCAAMBSPREAD-25NOV05USIBUT-BUT35,KXNCAAMBSPREAD-25NOV05USIBUT,Sports,2025-11-06 02:35:45.458262+00:00,250,250,250,250,2,200,-250,0,0,0,0,0.0
KXNCAAMBSPREAD-25NOV05USIBUT-BUT32,KXNCAAMBSPREAD-25NOV05USIBUT,Sports,2025-11-06 02:35:45.458262+00:00,912,912,912,343,7,200,-203,0,0,0,0,0.0
KXNCAAMBSPREAD-25NOV05USIBUT-BUT29,KXNCAAMBSPREAD-25NOV05USIBUT,Sports,2025-11-06 02:35:45.458262+00:00,2675,2675,2675,85,1,85,85,0,0,0,0,0.0
KXNCAAMBSPREAD-25NOV05USIBUT-BUT26,KXNCAAMBSPREAD-25NOV05USIBUT,Sports,2025-11-06 02:35:45.458262+00:00,1742,1742,1742,1491,7,474,227,0,0,0,0,0.0
KXNCAAMBSPREAD-25NOV05USIBUT-BUT23,KXNCAAMBSPREAD-25NOV05USIBUT,Sports,2025-11-06 02:35:45.458262+00:00,2895,2895,2638,414,6,200,186,0,0,0,0,0.0
KXNCAAMBSPREAD-25NOV05USIBUT-BUT20,KXNCAAMBSPREAD-25NOV05USIBUT,Sports,2025-11-06 02:35:45.458262+00:00,2045,2045,722,250,2,200,250,0,0,0,0,0.0
KXNCAAMBSPREAD-25NOV05USIBUT-BUT17,KXNCAAMBSPREAD-25NOV05USIBUT,Sports,2025-11-06 02:35:45.458262+00:00,301,301,250,250,2,200,250,0,0,0,0,0.0
KXNCAAMBSPREAD-25NOV05USIBUT-BUT14,KXNCAAMBSPREAD-25NOV05USIBUT,Sports,2025-11-06 02:35:45.458262+00:00,250,250,250,250,2,200,250,0,0,0,0,0.0
KXNCAAMBSPREAD-25NOV05USIBUT-BUT11,KXNCAAMBSPREAD-25NOV05USIBUT,Sports,2025-11-06 02:35:45.458262+00:00,250,250,250,0,0,0,0,0,0,0,0,0.0
KXNCAAMBTOTAL-25NOV05RIDRUTG-161,KXNCAAMBTOTAL-25NOV05RIDRUTG,Sports,2025-11-06 02:50:34.542542+00:00,200,200,200,0,0,0,0,0,0,0,0,0.0
KXNCAAMBTOTAL-25NOV05RIDRUTG-158,KXNCAAMBTOTAL-25NOV05RIDRUTG,Sports,2025-11-06 02:50:34.542542+00:00,246,246,246,0,0,0,0,0,0,0,0,0.0
KXNCAAMBTOTAL-25NOV05RIDRUTG-155,KXNCAAMBTOTAL-25NOV05RIDRUTG,Sports,2025-11-06 02:50:34.542542+00:00,326,326,326,0,0,0,0,0,0,0,0,0.0
KXNCAAMBTOTAL-25NOV05RIDRUTG-152,KXNCAAMBTOTAL-25NOV05RIDRUTG,Sports,2025-11-06 02:50:34.542542+00:00,200,200,200,0,0,0,0,0,0,0,0,0.0
KXNCAAMBTOTAL-25NOV05RIDRUTG-149,KXNCAAMBTOTAL-25NOV05RIDRUTG,Sports,2025-11-06 02:50:34.542542+00:00,252,252,252,0,0,0,0,0,0,0,0,0.0
